id,distrito,ubigeo,ambito,organizador,tipo_organizador,nombre,tipo_oferta,tematica,publico_declarado,edad_min,edad_max,incluye_15_29,costo,costo_detalle,modalidad,fecha_referencia,anio,periodo,lugar,evidencia,cifra_tipo,cifra_n,cifra_texto,cifra_poblacion,senal_demanda,fuente_url,fuente_tipo,verificacion,fecha_consulta,notas
C3-001,Ate,150103,distrital,Municipalidad de Ate (OMAPED),municipalidad distrital,Talleres y terapias gratuitas de la OMAPED para personas con discapacidad,servicio,inclusión y discapacidad; deporte; salud y salud mental,"niños, adolescentes, jóvenes y adultos con discapacidad",,,todo público,gratuito,,presencial,2024-02-14,2024,permanente; talleres de verano,"Sedes de la OMAPED: Los Clavelitos, Salamanca, Huaycán y Vitarte",participación declarada,usuarios,300,aniversario 'junto a los más de 300 usuarios' (mayo de 2024),personas con discapacidad de todas las edades,,https://www.gob.pe/institucion/muniate/noticias/906253-municipalidad-de-ate-activa-talleres-de-hidroterapia-para-ninos-con-discapacidad | https://www.gob.pe/institucion/muniate/noticias/950911-municipalidad-de-ate-celebro-10-anos-de-omaped-con-fiesta-de-gala,nota de prensa municipal (gob.pe),texto completo,2026-09-25,"Hidroterapia, psicomotricidad, terapias, danzas modernas, karate, taichí, futsal inclusivo."
C3-002,Ate,150103,distrital,Municipalidad de Ate,municipalidad distrital,"Consejo Consultivo de Niñas, Niños y Adolescentes (CCONNA-Ate)",programa,participación y voluntariado,"niñas, niños y adolescentes de 8 a 17 años elegidos por dos años",8,17,adolescentes,gratuito,,presencial,2024-03-22,2024,"permanente (Ordenanza 349-MDA, 2014)",Ate,oferta,,,,,,https://www.gob.pe/institucion/muniate/noticias/924616-consejo-consultivo-de-ninas-ninos-y-adolescentes-se-reunen-en-lima-metropolitana | https://www.gob.pe/institucion/muniate/noticias/1040008-conmemoran-x-aniversario-de-comudenna-y-cconna-con-foro-en-el-centro-cultural-de-ate,nota de prensa municipal (gob.pe),texto completo,2026-09-25,"Espacio de participación y opinión; en 2024 lo integraban concejales de 11, 15 y 16 años."
C3-003,Ate,150103,distrital,Municipalidad de Ate,municipalidad distrital,Programa municipal 'Mi Primera Chamba',programa,empleo y empleabilidad,jóvenes de Ate,,,juventud,no indica,,no indica,2024-06-01,2024,no indica,Ate,participación declarada,jóvenes con empleo (resultado declarado),143,'a través del Programa Municipal Mi Primera Chamba 143 jóvenes ateños cuentan con nuevos puestos laborales' (rendición de cuentas 2024),jóvenes,,https://www.gob.pe/institucion/muniate/noticias/966383-alcalde-de-ate-anuncia-obras-por-mas-de-105-millones-durante-audiencia-de-rendicion-de-cuentas-2024,nota de prensa municipal (gob.pe),texto completo,2026-09-25,Solo una mención en la rendición de cuentas; no se describe el programa.
C3-004,Ate,150103,distrital,"Municipalidad de Ate, Minedu e IPD",alianza público-privada,Juegos Escolares Deportivos y Paradeportivos 2024 (fase local),concurso o competencia,deporte; inclusión y discapacidad,alumnos de centros educativos de la zona,,,adolescentes,gratuito,,presencial,2024-06-21,2024,2024,Complejo Deportivo Ollantaytambo,oferta,,,,,,https://www.gob.pe/institucion/ipd/noticias/976284-ipd-presente-en-la-inauguracion-de-los-juegos-deportivos-y-paradeportivos-2024-en-ate,nota institucional (gob.pe),texto completo,2026-09-25,
C3-005,Ate,150103,metropolitano,SERPAR y Embajada de la India,Municipalidad de Lima / SERPAR,Taller gratuito de yoga en el Club Cahuide,taller o curso,deporte; salud y salud mental,público general,,,todo público,gratuito,,presencial,2024-07-13,2024,un día,Club Metropolitano Cahuide,oferta,,,,,,https://www.serpar.gob.pe/noticias/club-metropolitano-cahuide-ofrecera-taller-gratuito-de-yoga/,nota institucional (SERPAR),texto completo,2026-09-25,
C3-006,Ate,150103,distrital,Municipalidad de Ate,municipalidad distrital,Academia Preuniversitaria Municipal CEPREMUNI (Ate),programa,educación y preparación preuniversitaria,jóvenes que postulan a la universidad,,,juventud,pagado,mensualidad con 50 % de descuento (monto no indicado),presencial,2024-10-20,2024,ciclos (Ciclo Invierno 2024); simulacros semanales,Ate (Centro Cultural para la ceremonia),participación declarada,ingresantes (resultado declarado),35,"35 alumnos del Ciclo Invierno 2024 ingresaron a San Marcos, Villarreal, La Agraria, La Cantuta y Beca 18",estudiantes preuniversitarios,,https://www.gob.pe/institucion/muniate/noticias/1053214-municipalidad-de-ate-distingue-a-35-alumnos-de-cepremuni-que-ingresaron-a-distintas-universidades-del-pais,nota de prensa municipal (gob.pe),texto completo,2026-09-25,No se publica el número de matriculados.
C3-007,Ate,150103,distrital,Municipalidad de Ate,municipalidad distrital,"Concurso de Bandas Escolares de Música (2.ª edición, 2024)",concurso o competencia,arte y cultura,bandas de instituciones educativas,,,adolescentes,gratuito,,presencial,2024-11-10,2024,un día,"Av. José Carlos Mariátegui, Plaza Principal de Huaycán",participación declarada,instituciones participantes,8,5 instituciones educativas emblemáticas del distrito y 3 invitadas,colegios,,https://www.gob.pe/institucion/muniate/noticias/1055751-municipio-realiza-segundo-concurso-de-bandas-escolares-de-musica-2024-en-huaycan,nota de prensa municipal (gob.pe),texto completo,2026-09-25,
C3-008,Ate,150103,distrital,Municipalidad de Ate,municipalidad distrital,Nuevos y renovados espacios deportivos y culturales (2024–2026),espacio o infraestructura,deporte; arte y cultura,"niños, adolescentes y jóvenes; vecinos; alumnos de colegios públicos",,,todo público,gratuito,"uso gratuito de losas 'especialmente para niños, jóvenes y adolescentes' (2026)",presencial,2024-12-06,2024,2024–2026,"Centro Cultural Deportivo Coop. 27 de Abril (2024); Plaza de Armas de Huaycán con área de calistenia 'para los jóvenes' (2025); complejos deportivos San Gregorio, Los Portales de Puruchuco (2025) y Amauta A (2026); Coliseo José María Arguedas, Huaycán, para más de mil personas (2026); losas en colegios públicos (2025); plan de 120 losas techadas (2026)",oferta,población beneficiaria estimada,,"estimaciones de la obra, no uso: 'más de 20 mil ciudadanos' (Los Portales), 'más de 10 mil' (Amauta A), 'más de 1,590 alumnos' (losa del Colegio Mixto Huaycán)",vecinos; alumnos,,https://www.gob.pe/institucion/muniate/noticias/1082221-cooperativa-27-de-abril-cuenta-con-moderno-centro-cultural-deportivo-municipal | https://www.gob.pe/institucion/muniate/noticias/1091079-plaza-de-armas-de-huaycan-luce-totalmente-renovado | https://www.gob.pe/institucion/muniate/noticias/1103048-en-apoteosica-ceremonia-alcalde-franco-vidal-inaugura-moderno-complejo-deportivo-san-gregorio | https://www.gob.pe/institucion/muniate/noticias/1184557-espectacular-inauguracion-del-complejo-deportivo-los-portales-de-puruchuco-en-ate | https://www.gob.pe/institucion/muniate/noticias/1229211-municipalidad-de-ate-entrega-moderna-losa-deportiva-de-voley-al-colegio-nacional-mixto-huaycan | https://www.gob.pe/institucion/muniate/noticias/1255327-municipalidad-de-ate-remodela-campos-deportivos-de-colegios-publicos | https://www.gob.pe/institucion/muniate/noticias/1351417-en-amauta-zona-a-inauguran-moderno-complejo-deportivo-multilosas | https://www.gob.pe/institucion/muniate/noticias/1387873-municipio-inaugura-moderno-coliseo-municipal-jose-maria-arguedas-en-huaycan | https://www.gob.pe/institucion/muniate/noticias/1402153-inauguran-techado-y-mejoramiento-de-losas-deportivas-en-asociacion-fortaleza-y-en-cooperativa-27-de-abril | https://www.gob.pe/institucion/muniate/noticias/1416182-las-obras-no-paran-en-ate-municipio-inaugura-techado-y-mejoramiento-de-losas-deportivas-los-fines-de-semana,nota de prensa municipal (gob.pe),texto completo,2026-09-25,El plan de losas se presenta como una forma de 'alejar a los jóvenes de la delincuencia'.
C3-009,Ate,150103,metropolitano,Municipalidad de Lima (SERPAR),Municipalidad de Lima / SERPAR,Club Metropolitano Pascuala Rosado Cornejo (Huaycán),espacio o infraestructura,deporte; recreación,vecinos de Lima Este,,,todo público,pagado,entrada al club (monto no verificado),presencial,2025-01-27,2025,permanente,"Huaycán, Ate",oferta,aforo,1800,"complejo de piscinas con aforo de 1,800 personas (capacidad, no asistencia)",capacidad,,https://www.serpar.gob.pe/noticias/municipalidad-de-lima-inaugurara-en-breve-moderno-clubmet-de-huaycan-considerado-como-el-nuevo-centro-de-esparcimiento-de-lima-este/ | https://rpp.pe/lima/actualidad/ate-inauguran-club-metropolitano-pascuala-rosado-cornejo-en-huaycan-noticia-1612424,nota institucional (SERPAR); prensa,texto completo (SERPAR); resumen de buscador (prensa),2026-09-25,"Piscinas, canchas de fútbol, vóley, frontón y minigimnasios."
C3-010,Ate,150103,metropolitano,SERPAR (Municipalidad de Lima),Municipalidad de Lima / SERPAR,1.ª Olimpiadas SERPAR 'Forjando Campeones 2025' (inauguración en el Club Cahuide),concurso o competencia,deporte,"niños, jóvenes y adultos",,,todo público,no indica,,presencial,2025-06-10,2025,campeonato 2025,Club Metropolitano Cahuide,oferta,,,,,,https://www.serpar.gob.pe/noticias/se-inicio-la-1-a-olimpiadas-de-serpar-forjando-campeones-2025/,nota institucional (SERPAR),texto completo,2026-09-25,
C3-011,Ate,150103,distrital,SENAJU y Municipalidad de Ate,gobierno nacional,'Minka Joven': voluntariado para recuperar espacios públicos (primera intervención en Huaycán),convocatoria de voluntariado,participación y voluntariado; deporte,jóvenes de 15 a 29 años,15,29,juventud,gratuito,,presencial,2025-08-31,2025,2025,"Losa deportiva UCV 236, zona X de Huaycán",participación declarada,voluntarios,20,con la presencia de más de 20 jóvenes,jóvenes de 15 a 29 años,,https://juventud.gob.pe/2025/08/ate-senaju-lanza-minka-joven-innovador-proyecto-de-voluntariado-que-busca-recuperar-espacios-publicos-en-todo-el-pais/,nota institucional (SENAJU),texto completo,2026-09-25,
C3-012,Ate,150103,distrital,Municipalidad Metropolitana de Lima,Municipalidad de Lima / SERPAR,Losa deportiva de la Municipalidad de Lima en Huaycán (zona A),espacio o infraestructura,deporte,"'niños, jóvenes y adultos'",,,todo público,gratuito,,presencial,2025-09-22,2025,permanente,"Proyecto Especial Huaycán, zona A",oferta,,,,,,https://www.gob.pe/institucion/munilima/noticias/1248831-mas-deporte-para-los-vecinos-de-huaycan | https://www.gob.pe/institucion/munilima/noticias/1238679-el-alcalde-de-lima-acepto-el-pedido-de-un-nino-y-construira-una-nueva-losa-deportiva-en-un-colegio-de-huaycan,nota institucional (gob.pe),texto completo,2026-09-25,
C3-013,Ate,150103,distrital,Municipalidad de Ate y Comité Cultural FILSA 2025,alianza público-privada,Segunda Feria Internacional del Libro de Salamanca (FILSA 2025),feria,arte y cultura,"ciudadanía; talleres para niñas, niños y adolescentes",,,todo público,gratuito,,presencial,2025-09-22,2025,22 al 28 de septiembre de 2025,Parque FAP de Salamanca de Monterrico,oferta,stands,20,"20 stands (oferta, no asistencia)",expositores,,https://www.gob.pe/institucion/muniate/noticias/1261979-inauguran-segunda-feria-internacional-del-libro-en-salamanca,nota de prensa municipal (gob.pe),texto completo,2026-09-25,"Talleres de pintura, dibujo, origami y lectura recreativa; danzas y conciertos de rock."
C3-014,Ate,150103,distrital,Municipalidad de Ate y Colectivo Cultura Shipibo Konibo de Cantagallo,alianza público-privada,Exposición 'Colores y Sonidos Ancestrales' en el Centro Cultural de Ate,evento,arte y cultura,estudiantes y público en general,,,todo público,no indica,,presencial,2025-10-09,2025,9 al 24 de octubre de 2025,Centro Cultural de Ate,oferta,,,,,,https://www.gob.pe/institucion/muniate/noticias/1283050-inauguran-exposicion-colectiva-colores-y-sonidos-ancestrales-en-el-centro-cultural-de-ate,nota de prensa municipal (gob.pe),texto completo,2026-09-25,
C3-015,Ate,150103,distrital,"Municipalidad de Ate (Subgerencia de Educación, Cultura, Deporte y Juventudes; desde 2026, Subgerencia de Servicios Sociales)",municipalidad distrital,"Vacaciones Útiles (ediciones 2024, 2025 y 2026)",taller o curso,deporte; arte y cultura; idiomas,"niños, adolescentes y jóvenes de 6 a 17 años (2026); 'niños y jóvenes desde los 6 años' (2024–2025)",6,17,adolescentes,pagado,S/ 50 por todo el ciclo (costo social),presencial,2026-01-16,2026,"verano (enero–febrero), cada año","Oficinas zonales de Huaycán, Santa Clara y Salamanca; Centro Cultural de Ate; Complejo Deportivo Ollantaytambo",participación declarada,participantes (sin número),,"'cientos de niños, adolescentes y jóvenes ... participan de los diferentes talleres' (2026)","niños, adolescentes y jóvenes de 6 a 17 años",,https://www.gob.pe/institucion/muniate/noticias/889837-ate-abren-mas-de-40-talleres-de-verano-para-estas-vacaciones-utiles-2024 | https://www.gob.pe/institucion/muniate/noticias/1091062-apertura-de-40-talleres-de-verano-vacaciones-2025-en-ate | https://www.gob.pe/institucion/muniate/noticias/1342368-en-ate-inauguran-talleres-de-verano-vacaciones-utiles-2026,nota de prensa municipal (gob.pe),texto completo,2026-09-25,"Más de 40 talleres: dibujo y pintura, oratoria, ajedrez, locución, baile moderno, canto, danzas, modelaje, bisutería, fútbol, vóley, básquet, tenis de mesa, bádminton, karate, muay thai, alemán, guitarra, charango, flauta."
C3-016,Ate; Chaclacayo; Lurigancho-Chosica,150103; 150107; 150118,distrital,"SENAJU, Cancillería e INABIF (Alianza del Pacífico)",gobierno nacional,Voluntariado Juvenil de la Alianza del Pacífico: promoción de la salud mental de adolescentes en CEDIF y CCF,programa,salud y salud mental; participación y voluntariado,adolescentes usuarios de los CEDIF/CCF (beneficiarios); jóvenes voluntarios de cuatro países,,,adolescentes,gratuito,,presencial,2024-09-17,2024,2024 (13 set.–2 oct.) y 2025,"CEDIF Las Dalias (Chaclacayo), Huaycán (Ate) y Lurigancho-Chosica en 2024; CCF Huaycán en 2025",oferta,,,20 voluntarios en total (cinco sedes); sin cifra de adolescentes por sede,,,https://juventud.gob.pe/2024/09/senaju-y-el-ministerio-de-relaciones-exteriores-dan-la-bienvenida-a-jovenes-voluntarios-de-los-cuatro-paises-de-la-alianza-del-pacifico/ | https://juventud.gob.pe/2024/10/hasta-pronto-magica-y-exitosa-fue-la-ceremonia-de-clausura-de-los-jovenes-voluntarios-de-chile-colombia-mexico-y-peru/ | https://juventud.gob.pe/2025/11/programa-de-voluntariado-juvenil-de-la-alianza-del-pacifico-proyecto-peru-agente-de-cambio-promocion-de-la-salud-mental-en-adolescentes-2025/,nota institucional (SENAJU),texto completo,2026-09-25,
C3-017,Ate; El Agustino; La Molina; Lurigancho-Chosica; San Juan de Lurigancho; Santa Anita,150103; 150111; 150114; 150118; 150132; 150137,distrital,DEVIDA (servicio Habla Franco),gobierno nacional,"'Habla Franco': charlas y ferias de prevención del consumo de drogas en colegios, universidades y espacios públicos",servicio,prevención (drogas y violencia); salud y salud mental,"estudiantes de secundaria, familias y jóvenes",,,adolescentes,gratuito,,presencial,2026-04-13,2026,abril–septiembre de 2026,"Colegios de Chosica, El Agustino, SJL, Ate (Huaycán, Salamanca), Santa Anita y La Molina; UNALM; parque de Musa",participación declarada,estudiantes alcanzados,450,"SJL: 450 estudiantes (I.E. Gran Amauta Mariátegui) y cerca de 120 (I.E. Santa María); Huaycán: cerca de 270 y 150 en una feria escolar; El Agustino: 19 aulas; 16 jóvenes de la ONG Runayay (Salamanca, Ate) en un taller",estudiantes de secundaria,,https://www.gob.pe/institucion/devida/noticias/1378364-devida-despliega-charlas-de-prevencion-con-el-servicio-habla-franco-en-colegios-y-familias | https://www.gob.pe/institucion/devida/noticias/1381446-devida-acerca-el-servicio-habla-franco-a-mas-de-900-estudiantes-y-familias-en-lima | https://www.gob.pe/institucion/devida/noticias/1388020-devida-acerco-acciones-preventivas-a-mas-de-1500-estudiantes-y-ciudadanos-en-lima-y-huancavelica | https://www.gob.pe/institucion/devida/noticias/1391689-habla-franco-acerca-orientacion-preventiva-a-mas-de-500-estudiantes-y-ciudadanos-en-lima-y-callao | https://www.gob.pe/institucion/devida/noticias/1400699-lima-devida-acerca-orientacion-preventiva-a-escolares-y-familias-mediante-habla-franco | https://www.gob.pe/institucion/devida/noticias/1403796-habla-franco-brindo-charlas-de-prevencion-de-drogas-a-escolares-en-seis-distritos-de-lima | https://www.gob.pe/institucion/devida/noticias/1421172-habla-franco-orienta-a-mas-de-400-estudiantes-y-ciudadanos-para-prevenir-el-consumo-de-drogas | https://www.gob.pe/institucion/devida/noticias/1431411-devida-habla-franco-lleva-prevencion-del-consumo-de-drogas-a-estudiantes-y-familias-de-lima-y-callao | https://www.gob.pe/institucion/devida/noticias/1434451-devida-lleva-prevencion-del-consumo-de-drogas-a-escolares-de-lima | https://www.gob.pe/institucion/devida/noticias/1437241-habla-franco-jovenes-y-adolescentes-refuerzan-habilidades-para-prevenir-el-consumo-de-drogas-en-lima-y-apurimac,nota institucional (gob.pe),texto completo,2026-09-25,La cifra principal es la mayor intervención en un solo colegio; no se suman intervenciones distintas.
C3-018,Ate; La Molina,150103; 150114,distrital,Ministerio de Cultura (Museo de Sitio Puruchuco),gobierno nacional,Concurso Escolar 'Encuentro de Curacas',concurso o competencia,patrimonio; arte y cultura,"estudiantes de colegios de Ate, La Molina, Cieneguilla y Lurigancho-Chosica",,,adolescentes,gratuito,,presencial,2026-06-27,2026,anual (XI edición 2025; XII edición 2026),Museo de Sitio Puruchuco (Ate),participación declarada,participantes,400,'más de 400 estudiantes' (2026),escolares,,https://www.gob.pe/institucion/cultura/noticias/1184915-ministerio-de-cultura-convoca-a-colegios-de-lima-este-a-participar-en-concurso-escolar-encuentro-de-curacas-2025 | https://www.gob.pe/institucion/cultura/noticias/1197911-colegio-edelmira-del-pando-de-ate-gana-el-concurso-escolar-encuentro-de-curacas-2025-del-museo-de-sitio-puruchuco | https://www.gob.pe/institucion/cultura/noticias/1412384-ministerio-de-cultura-realizo-el-xii-concurso-escolar-encuentro-de-curacas-con-la-participacion-de-mas-de-400-estudiantes,nota institucional (gob.pe),texto completo,2026-09-25,
C3-019,Ate; Lurigancho-Chosica; San Juan de Lurigancho,150103; 150118; 150132,metropolitano,Ministerio de Cultura,gobierno nacional,"'Gana Cultura, juegos con identidad' en sitios arqueológicos",evento,patrimonio,"todas las edades, 'principalmente niños, niñas y adolescentes'",,,adolescentes,gratuito,,presencial,2025-03-31,2025,verano 2025,Monterrey Sector 2 (Ate); Pirámide de Nievería (Lurigancho-Chosica); Canto Chico (SJL),participación declarada,participantes (todas las sedes),1269,1269 participantes en quince presentaciones (incluye sedes fuera de Lima Este),todas las edades,,https://www.gob.pe/institucion/cultura/noticias/1138017-mas-de-1200-personas-se-beneficiaron-con-las-actividades-de-gana-cultura-en-el-verano-2025,nota institucional (gob.pe),texto completo,2026-09-25,
C3-020,Ate; San Juan de Lurigancho,150103; 150132,metropolitano,Municipalidad de Lima (Instituto Metropolitano de Planificación),Municipalidad de Lima / SERPAR,Primer Programa de Pasantías del IMP con propuestas urbanas para Lima Este,programa,participación y voluntariado; empleo y empleabilidad,estudiantes de diversas especialidades,,,juventud,gratuito,,presencial,2025-08-22,2025,varias semanas de 2025,"Zonas de estudio: Nueva Primavera (Ate), A.H. José Carlos Mariátegui (SJL)",participación declarada,pasantes,22,'22 estudiantes de diversas especialidades',estudiantes (distrito de residencia no indicado),,https://www.gob.pe/institucion/munilima/noticias/1232094-la-municipalidad-de-lima-impulsa-el-talento-joven-para-transformar-lima-este-con-propuestas-urbanas-innovadoras,nota institucional (gob.pe),texto completo,2026-09-25,
C3-021,Chaclacayo,150107,distrital,Municipalidad de Chaclacayo,municipalidad distrital,Talleres de verano / Vacaciones Útiles 2024,taller o curso,deporte,'niños y jóvenes'; 'niños de todas las edades',,,adolescentes,no indica,,presencial,2024-01-10,2024,verano 2024 (inscripciones hasta el 12 de enero),No indica,oferta,,,,,,https://www.gob.pe/institucion/munichaclacayo/noticias/893429-talleres-de-verano-2024 | https://www.gob.pe/institucion/munichaclacayo/noticias/900988-vacaciones-utiles-del-verano | https://www.gob.pe/institucion/munichaclacayo/noticias/906301-vacaciones-utiles-de-verano-2024-gestionadas-por-el-alcalde-sergio-baigorria,nota de prensa municipal (gob.pe),texto completo,2026-09-25,Notas de una o dos líneas. Es la única oferta para jóvenes que publicó Chaclacayo en gob.pe en 2024–2026.
C3-022,Chaclacayo,150107,distrital,Ministerio de Cultura y Municipalidad de Chaclacayo,gobierno nacional,Concierto gratuito de la Orquesta Sinfónica Nacional Juvenil Bicentenario y el Coro Nacional de Niños,evento,arte y cultura,vecinos,,,todo público,gratuito,,presencial,2024-04-25,2024,un día (aniversario del distrito),I.E.P. Winnetka,oferta,,,,,,https://www.gob.pe/institucion/cultura/noticias/942358-ministerio-de-cultura-elencos-nacionales-del-peru-ofreceran-concierto-gratuito-por-aniversario-del-distrito-de-chaclacayo,nota institucional (gob.pe),texto completo,2026-09-25,Los intérpretes son jóvenes músicos; el público es general.
C3-023,El Agustino,150111,distrital,Ministerio de Cultura,gobierno nacional,'Ruraq maki en las Escuelas': artistas tradicionales enseñan a escolares del colegio Bicentenario,taller o curso,arte y cultura; patrimonio,estudiantes de Escuelas Bicentenario,,,adolescentes,gratuito,,presencial,2024-07-19,2024,2024,Escuela Bicentenario de El Agustino,oferta,,,,,,https://www.gob.pe/institucion/cultura/noticias/990507-exposicion-venta-ruraq-maki-antayetachari-akoki-edicion-bicentenario-te-espera-desde-este-viernes-19-de-julio-en-el-ministerio-de-cultura | https://www.gob.pe/institucion/cultura/noticias/996532-ministra-de-cultura-trabajamos-en-la-descentralizacion-del-arte-y-la-cultura-y-en-su-internacionalizacion,nota institucional (gob.pe),texto completo,2026-09-25,
C3-024,El Agustino,150111,distrital,Municipalidad de El Agustino (Participación Ciudadana),municipalidad distrital,'Cine en tu Barrio' y 'Muni en tu Barrio',evento,recreación,"niños, jóvenes y familias",,,todo público,gratuito,,presencial,2024-08-12,2024,"itinerante, 2024–2025",Asentamientos y urbanizaciones del distrito,oferta,,,,,,https://www.gob.pe/institucion/munielagustino/noticias/1001968-tarde-de-cine-en-a-h-iv-programa-municipal-de-vivienda-de-el-agustino | https://www.gob.pe/institucion/munielagustino/noticias/1000210-tarde-de-cine-en-a-h-7-de-octubre | https://www.gob.pe/institucion/munielagustino/noticias/1023935-tarde-de-cine-en-la-sexta-zona-plana | https://www.gob.pe/institucion/munielagustino/noticias/1037289-feliz-niversario-asentamiento-humano-7-de-octubre-ona-con-muni-en-tu-barrio-y-cine-en-tu-barrio | https://www.gob.pe/institucion/munielagustino/noticias/1147356-calle-las-agatas-celebra-su-20-aniversario-con-muni-en-tu-barrio,nota de prensa municipal (gob.pe),texto completo,2026-09-25,
C3-025,El Agustino,150111,distrital,Municipalidad de El Agustino e Instituto Peruano de Negocios,alianza público-privada,Cursos virtuales gratuitos de empleabilidad,taller o curso,empleo y empleabilidad,vecinos (sin edad indicada),,,todo público,gratuito,,virtual,2024-08-13,2024,agosto de 2024; noviembre de 2025; abril de 2026,En línea,oferta,,,,,,https://www.gob.pe/institucion/munielagustino/noticias/1002887-hoy-se-inician-los-cursos-virtuales-gratis | https://www.gob.pe/institucion/munielagustino/noticias/1280560-cursos-virtuales-de-emplebilidad-gratuita | https://www.gob.pe/institucion/munielagustino/noticias/1285786-aprovecha-los-cursos-virtuales-gratuitos | https://www.gob.pe/institucion/munielagustino/noticias/1377210-cursos-virtuales-de-empleabilidad-gratuitos | https://www.gob.pe/institucion/munielagustino/noticias/1379846-cursos-gratuitos,nota de prensa municipal (gob.pe),texto completo,2026-09-25,"Auxiliar contable, administración bancaria, recursos humanos, SSOMA, almacenes, archivo, SEACE, auxiliar de educación inicial."
C3-026,El Agustino,150111,distrital,Municipalidad de El Agustino,municipalidad distrital,Nuevos y renovados espacios deportivos (2024–2026),espacio o infraestructura,deporte,"niños, jóvenes y familias",,,todo público,no indica,,presencial,2024-09-05,2024,2024–2026,"Complejo Deportivo Padre Chiqui (con área para jóvenes de la danza); Campo Los Condominios; Complejo Pedro Huilca (con Caja Huancayo); losas de la Sexta Zona Plana, Santoyo, El Independiente, Villa del Mar; Estadio Villa Hermosa",oferta,,,,,,https://www.gob.pe/institucion/munielagustino/noticias/1016624-continuan-los-avances-de-obra-del-complejo-deportivo-padre-chiqui | https://www.gob.pe/institucion/munielagustino/noticias/1025497-mas-deporte-en-el-agustino | https://www.gob.pe/institucion/munielagustino/noticias/1023938-relanzamiento-del-parque-infantil-y-losa-deportiva-de-la-sexta-zona-plana | https://www.gob.pe/institucion/munielagustino/noticias/1118584-complejo-deportivo-pedro-huilca-tendra-nuevo-rostro | https://www.gob.pe/institucion/munielagustino/noticias/1228676-el-deporte-sigue-creciendo-en-nuestro-distrito | https://www.gob.pe/institucion/munielagustino/noticias/1409255-inauguran-la-nueva-losa-deportiva-pedro-hualpa-miranda-en-la-urb-santoyo | https://www.gob.pe/institucion/munielagustino/noticias/1413114-estadio-villa-hermosa | https://www.gob.pe/institucion/munielagustino/noticias/1413716-municipalidad-de-el-agustino-inaugura-moderna-losa-deportiva-en-el-a-h-el-independiente,nota de prensa municipal (gob.pe),texto completo,2026-09-25,
C3-027,El Agustino,150111,distrital,Municipalidad de El Agustino (DEMUNA),municipalidad distrital,"'DEMUNA en tu Cole': charlas sobre derechos, violencia, abuso sexual y grooming en colegios",servicio,prevención (drogas y violencia),alumnos de secundaria; también docentes y padres,,,adolescentes,gratuito,,presencial,2024-09-13,2024,"periódico, 2024–2026",Colegios del distrito,oferta,,,,,,https://www.gob.pe/institucion/munielagustino/noticias/1021800-alumnos-del-nivel-secundario-de-la-i-e-jose-carlos-mariategui-recibieron-charla-de-la-demuna | https://www.gob.pe/institucion/munielagustino/noticias/1033830-la-demuna-continua-realizando-talleres-para-prevenir-la-violencia-en-el-entorno-escolar-y-familiar | https://www.gob.pe/institucion/munielagustino/noticias/1034142-cuidado-con-el-grooming | https://www.gob.pe/institucion/munielagustino/noticias/1158181-capacitacion-sobre-prevencion-del-abuso-sexual-en-la-i-e-n-127-san-jose | https://www.gob.pe/institucion/munielagustino/noticias/1167388-charla-de-prevencion-sobre-violencia-a-estudiantes-de-la-i-e-juana-infantes-vera,nota de prensa municipal (gob.pe),texto completo,2026-09-25,También ferias 'Por una vida libre de violencia' de la Instancia Distrital de Concertación en colegios (2025–2026).
C3-028,El Agustino,150111,distrital,Municipalidad de El Agustino y Municipalidad de Lima,municipalidad distrital,Charla de educación financiera para estudiantes de secundaria,taller o curso,educación financiera,estudiantes de secundaria,,,adolescentes,gratuito,,presencial,2024-09-13,2024,una charla,I.E. Libertadores de Ayacucho,oferta,,,,,,https://www.gob.pe/institucion/munielagustino/noticias/1021804-charla-sobre-la-educacion-financiera-a-estudiantes,nota de prensa municipal (gob.pe),texto completo,2026-09-25,
C3-029,El Agustino,150111,distrital,Municipalidad de El Agustino y Universidad Nacional Federico Villarreal,alianza público-privada,Programa de Reforzamiento Escolar (convenio con la UNFV),programa,educación y preparación preuniversitaria,estudiantes de 4.º y 5.º de secundaria,,,adolescentes,gratuito,,presencial,2024-09-18,2024,"desde septiembre de 2024, por etapas","I.E. José Carlos Mariátegui, María Reiche y Héroes de la Breña",oferta,,,,,,https://www.gob.pe/institucion/munielagustino/noticias/1023944-hoy-se-dio-inicio-al-programa-de-reforzamiento-escolar-en-el-agustino | https://www.gob.pe/institucion/munielagustino/noticias/1025471-hoy-se-dio-inicio-al-programa-de-reforzamiento-escolar-en-el-agustino,nota de prensa municipal (gob.pe),texto completo,2026-09-25,
C3-030,El Agustino,150111,distrital,Municipalidad de El Agustino y jóvenes voluntarios de ASEZ WAO (Iglesia de Dios Sociedad Misionera Mundial),alianza público-privada,Reforestación en el Malecón de la Amistad con jóvenes voluntarios,convocatoria de voluntariado,ambiente; participación y voluntariado,jóvenes voluntarios y vecinos,,,juventud,gratuito,,presencial,2024-09-18,2024,una jornada,Malecón de la Amistad,oferta,árboles plantados,84,"plantar 84 árboles (resultado, no participantes)",árboles,,https://www.gob.pe/institucion/munielagustino/noticias/1024017-reforestacion-verde-en-el-malecon-de-la-amistad-un-compromiso-ocn-el-futuro | https://www.gob.pe/institucion/munielagustino/noticias/1025475-reforestacion-verde-en-el-malecon-de-la-amistad,nota de prensa municipal (gob.pe),texto completo,2026-09-25,
C3-031,El Agustino,150111,distrital,Empresa Dassamovil (con apoyo de la municipalidad),privado,Mundialito Copa Dassamovil,concurso o competencia,deporte,familias; 'nuestros jóvenes agustinianos',,,todo público,no indica,,presencial,2024-09-24,2024,torneo,Complejo Deportivo Catalina Huanca,oferta,,,,,,https://www.gob.pe/institucion/munielagustino/noticias/1027650-alcalde-richard-soria-inaugura-mundialito-assamovil-en-el-agustino,nota de prensa municipal (gob.pe),texto completo,2026-09-25,
C3-032,El Agustino,150111,distrital,Municipalidad de El Agustino (OMAPED),municipalidad distrital,Talleres y actividades de la OMAPED (convenio con el CEBA 115; taller Down Súper Cromosoma; encuentro interdistrital),servicio,inclusión y discapacidad,"niños, adolescentes y jóvenes con discapacidad",,,adolescentes,no indica,,presencial,2024-09-24,2024,2024–2025,El Agustino,oferta,,,,,,https://www.gob.pe/institucion/munielagustino/noticias/1009006-taller-down-super-cromosoma | https://www.gob.pe/institucion/munielagustino/noticias/1027656-integrantes-de-la-omaped-el-agustino-destacaron-en-concurso-de-danza-c-e-basica-alternativa-oribio-rodriguez-de-mendoza | https://www.gob.pe/institucion/munielagustino/noticias/1280411-i-encuentro-interdistrital-omaped-2025,nota de prensa municipal (gob.pe),texto completo,2026-09-25,
C3-033,El Agustino,150111,distrital,"Municipalidad de El Agustino, UNFV y Concytec",alianza público-privada,Feria de Ciencias 'Villa Científica 2024',feria,tecnología,estudiantes de secundaria de colegios del distrito,,,adolescentes,gratuito,,presencial,2024-09-28,2024,2024,UNFV y colegios del distrito,oferta,,,,,,https://www.gob.pe/institucion/munielagustino/noticias/1009010-alcalde-richard-soria-apoya-en-la-innovacion-en-la-feria-de-ciencias-estudiantiles | https://www.gob.pe/institucion/munielagustino/noticias/1030595-alumnos-de-nuestro-distritp-participan-en-feria-cientifica,nota de prensa municipal (gob.pe),texto completo,2026-09-25,
C3-034,El Agustino,150111,distrital,"Municipalidad de El Agustino (Subgerencia de Juventud, Educación, Deporte, Cultura y Arte)",municipalidad distrital,Campeonato Relámpago de Vóley de Inclusión,concurso o competencia,deporte; inclusión y discapacidad,equipos de diversas comunidades,,,todo público,no indica,,presencial,2024-10-01,2024,un día,Campo Deportivo Pedro Huilca,participación declarada,equipos,14,un total de 14 equipos compitieron,equipos (edades no indicadas),,https://www.gob.pe/institucion/munielagustino/noticias/1031925-campeonato-relampago-voley-de-inclusion-ciudad-el-agustino,nota de prensa municipal (gob.pe),texto completo,2026-09-25,
C3-035,El Agustino,150111,distrital,"Municipalidad de El Agustino (Subgerencia de Juventud, Educación, Deporte, Cultura y Arte)",municipalidad distrital,"Concurso 'Demuestra tu talento' (canto y baile, Día de la Primavera)",concurso o competencia,arte y cultura,adolescentes y jóvenes del distrito,,,juventud,gratuito,,presencial,2024-10-01,2024,un día,Explanada de la Casa Municipal de la Mujer,participación declarada,participantes (sin número),,'adolescentes y jóvenes del distrito participaron' (sin número),adolescentes y jóvenes,,https://www.gob.pe/institucion/munielagustino/noticias/1031981-con-gran-exito-se-llevo-a-cabo-el-concurso-demuestra-tu-talento-en-la-explanada-de-la-casa-municipal-de-la-mujer,nota de prensa municipal (gob.pe),texto completo,2026-09-25,
C3-036,El Agustino,150111,distrital,Municipalidad de El Agustino y British House International,alianza público-privada,Becas integrales de inglés para estudiantes destacados,beca o premio,idiomas,estudiantes destacados de 2023,,,adolescentes,gratuito,,virtual,2024-10-24,2024,2024,Clases en línea y plataforma virtual,oferta,,,,,,https://www.gob.pe/institucion/munielagustino/noticias/1045744-seguimos-ncentivando-a-nuestros-estudiantes-con-becas-integrales,nota de prensa municipal (gob.pe),texto completo,2026-09-25,No indica cuántas becas.
C3-037,El Agustino,150111,distrital,Municipalidad de El Agustino,municipalidad distrital,Taller de autoestima para adolescentes,taller o curso,salud y salud mental,adolescentes,,,adolescentes,no indica,,presencial,2024-11-11,2024,un taller,El Agustino,participación declarada,participantes (sin número),,'los adolescentes participaron en dinámicas grupales' (sin número),adolescentes,,https://www.gob.pe/institucion/munielagustino/noticias/1055520-aller-de-utoestima-para-adolescentes,nota de prensa municipal (gob.pe),texto completo,2026-09-25,
C3-038,El Agustino,150111,distrital,Municipalidad de El Agustino y Academia CEMTA,alianza público-privada,Reforzamiento escolar gratuito para 3.º a 5.º de secundaria (CEMTA),taller o curso,educación y preparación preuniversitaria,"alumnos de 3.º, 4.º y 5.º de secundaria",,,adolescentes,gratuito,,presencial,2024-11-16,2024,desde noviembre de 2024; nueva convocatoria en julio de 2025,Informes en la Casa Municipal de la Mujer,oferta,,,,,,https://www.gob.pe/institucion/munielagustino/noticias/1057134-ran-oportunidad-para-los-estudiantes-de-secundaria-en-el-gustino | https://www.gob.pe/institucion/munielagustino/noticias/1204778-reforzamos-el-futuro-de-nuestros-estudiantes,nota de prensa municipal (gob.pe),texto completo,2026-09-25,
C3-039,El Agustino,150111,distrital,Municipalidad de El Agustino y colegios del distrito,alianza público-privada,"Ferias de emprendimiento escolar (V Feria San Miguelino, 2024)",feria,emprendimiento,estudiantes de 1.º a 5.º de secundaria,,,adolescentes,gratuito,,presencial,2024-11-30,2024,un día,Plaza de Armas de El Agustino,oferta,,,,,,https://www.gob.pe/institucion/munielagustino/noticias/1069462-eria-de-mprendimiento-en-el-gustino-ovenes-gustinianos-transforman-ideas-en-egocios-eales | https://www.gob.pe/institucion/munielagustino/noticias/1069460-mprendimiento-scolar-ovenes-nnovadores-transforman-el-agustino-con-royectos-reativos | https://www.gob.pe/institucion/munielagustino/noticias/1069352-eria-del-emprendimiento-escolar-san-miguelino | https://www.gob.pe/institucion/munielagustino/noticias/1074200-mpulsando-el-talento-juvenil-en-el-agustino,nota de prensa municipal (gob.pe),texto completo,2026-09-25,"También una muestra de trabajos técnicos de estudiantes (electrotecnia, mecánica, confecciones) con Topitop y la UNI (diciembre de 2024)."
C3-040,El Agustino,150111,distrital,Municipalidad de El Agustino y colegios (Municipio Escolar),municipalidad distrital,Visitas escolares a la municipalidad y apoyo al Municipio Escolar,evento,participación y voluntariado,estudiantes de secundaria y autoridades escolares,,,adolescentes,gratuito,,presencial,2024-12-17,2024,2024–2025,Municipalidad de El Agustino y colegios,oferta,,,,,,https://www.gob.pe/institucion/munielagustino/noticias/1076415-isita-escolar-al-municipio-de-el-agustino-n-encuentro-con-el-gobierno-local | https://www.gob.pe/institucion/munielagustino/noticias/1006788-fomentando-la-educacion-civica-en-los-estudiantes-de-el-agustino | https://www.gob.pe/institucion/munielagustino/noticias/1107320-municipio-escolar-de-la-i-e-belaunde-terry-se-reune-con-el-alcalde-richard-soria,nota de prensa municipal (gob.pe),texto completo,2026-09-25,
C3-041,El Agustino,150111,distrital,Municipalidad de El Agustino (difusión) y MTPE (Jóvenes Productivos),gobierno nacional,Difusión de la capacitación gratuita de Jóvenes Productivos (MTPE),taller o curso,empleo y empleabilidad; emprendimiento,jóvenes de El Agustino (2025); mayores de 18 años con negocio propio (2026),,,juventud,gratuito,,presencial,2025-01-08,2025,convocatorias de enero de 2025 y abril de 2026,2026: sedes en Los Olivos y Lima Centro (fuera del distrito),oferta,,,"'¡cupos limitados!' (2026, sin número)",,,https://www.gob.pe/institucion/munielagustino/noticias/1087724-oportunidad-para-jovenes-de-el-agustino | https://www.gob.pe/institucion/munielagustino/noticias/1381801-capacitacion-gratuita-programas-jovenes-productivos-del-ministerio-de-trabajo,nota de prensa municipal (gob.pe),texto completo,2026-09-25,"La municipalidad solo difunde el formulario. En 2026, rubros de estética y barbería, y gastronomía."
C3-042,El Agustino,150111,distrital,Municipalidad de El Agustino,municipalidad distrital,Programa de inserción laboral para jóvenes que terminaron la secundaria,programa,empleo y empleabilidad,"jóvenes con secundaria completa, que no estudian y buscan trabajo",,,juventud,no indica,,presencial,2025-01-23,2025,2025,El Agustino,oferta,,,,,,https://www.gob.pe/institucion/munielagustino/noticias/1096428-oportunidades-laborales-para-jovenes-agustinianos,nota de prensa municipal (gob.pe),texto completo,2026-09-25,La nota no dice quién ejecuta el programa; incluye talleres de habilidades técnicas y blandas.
C3-043,El Agustino,150111,distrital,Municipalidad de El Agustino y Asociación de Comandos Yanahuma,alianza público-privada,"Curso 'Mini Comando' (primeros auxilios, rescate y supervivencia)",taller o curso,gestión de riesgos y primeros auxilios,jóvenes,,,juventud,no indica,,presencial,2025-02-17,2025,curso con ceremonia de clausura,El Agustino,participación declarada,egresados (sin número),,clausura con participantes felicitados (sin número),jóvenes,,https://www.gob.pe/institucion/munielagustino/noticias/1111100-municipalidad-de-el-agustino-participo-en-la-ceremonia-de-clausura-del-curso-mini-comando,nota de prensa municipal (gob.pe),texto completo,2026-09-25,
C3-044,El Agustino,150111,distrital,Municipalidad de El Agustino y MTPE,municipalidad distrital,"Ferias y maratones del empleo (Feria Laboral Agustiniana, Maratón del Empleo, Chambatón)",feria,empleo y empleabilidad,vecinos,,,todo público,gratuito,,presencial,2025-02-27,2025,octubre de 2024; febrero y mayo de 2025,Centro de Desarrollo Empresarial; Complejo Deportivo Padre Chiqui,oferta,,,"sin cifras en las notas municipales; la prensa informó 'más de 800 vacantes' en la Maratón del Empleo (resumen de buscador, no verificado)",,,https://www.gob.pe/institucion/munielagustino/noticias/1050297-ran-eria-laboral-gustiniana-portunidades-de-empleos-para-todos | https://www.gob.pe/institucion/munielagustino/noticias/1109441-oportunidades-de-empleo-para-nuestros-vecinos | https://www.gob.pe/institucion/munielagustino/noticias/1117521-gran-exito-en-la-maraton-del-empleo | https://www.gob.pe/institucion/munielagustino/noticias/1159979-gran-exito-en-la-feria-del-empleo-la-chambaton,nota de prensa municipal (gob.pe),texto completo,2026-09-25,
C3-045,El Agustino,150111,distrital,"Municipalidad de El Agustino (Subgerencia de Juventud, Educación, Deporte, Cultura y Arte)",municipalidad distrital,"Talleres municipales de danza, marinera, box y básquet",taller o curso,deporte; arte y cultura,"niños (9–12), jóvenes (13–17) y adultos; box desde 17 años",9,,adolescentes,mixto,"S/ 70 al mes (marinera, box, básquet 2025); no indica en danza y básquet de verano",presencial,2025-05-30,2025,2025 (verano y todo el año),Casa de la Mujer (Jr. Áncash cdra. 23); Parque del Dinosaurio; Boulevard de la Cultura,participación declarada,participantes (sin número),,clausura del taller de verano de básquet con 'los más pequeños como los jóvenes' (sin número),niños y jóvenes,,https://www.gob.pe/institucion/munielagustino/noticias/1101154-quieres-pertenecer-al-taller-municipal-de-danza | https://www.gob.pe/institucion/munielagustino/noticias/1123230-clausura-de-taller-de-verano-municipal-de-basketball-organizado-por-la-municipalidad-de-el-agustino | https://www.gob.pe/institucion/munielagustino/noticias/1178453-el-basquet-llego-con-fuerza-en-el-parque-dinosaurio | https://www.gob.pe/institucion/munielagustino/noticias/1178445-tu-talento-y-energia-merecen-brillar-ven-e-inscribete-ya-en-nuestros-talleres-de-marinera-y-boxeo,nota de prensa municipal (gob.pe),texto completo,2026-09-25,
C3-046,El Agustino,150111,distrital,Municipalidad de El Agustino y Academia CEMTA,alianza público-privada,Muni Becas: becas de preparación preuniversitaria,beca o premio,educación y preparación preuniversitaria,estudiantes de 5.º de secundaria o egresados hace 1 o 2 años,,,juventud,gratuito,beca (selección por examen),presencial,2025-08-21,2025,2025: ciclos agosto y noviembre–febrero; examen de selección,Academia CEMTA; informes en la Casa de la Mujer,participación declarada,becarios,100,'hemos lanzado 100 becas' (agosto de 2025); '100 jóvenes transforman su futuro con Muni Beca' (noviembre de 2025); 15 ingresaron a San Marcos,jóvenes que terminan o terminaron la secundaria,,https://www.gob.pe/institucion/munielagustino/noticias/1230858-muni-becas-abre-camino-al-futuro-de-nuestra-juventud | https://www.gob.pe/institucion/munielagustino/noticias/1230793-un-paso-gigante-hacia-los-suenos-universitarios | https://www.gob.pe/institucion/munielagustino/noticias/1276625-un-paso-gigante-hacia-los-suenos-universitarios | https://www.gob.pe/institucion/munielagustino/noticias/1276589-nuevas-muni-becas-para-la-juventus-agustiniana | https://www.gob.pe/institucion/munielagustino/noticias/1276613-de-el-agustino-a-la-decana-de-america | https://www.gob.pe/institucion/munielagustino/noticias/1285601-100-jovenes-transforman-su-futuro-con-muni-beca,nota de prensa municipal (gob.pe),texto completo,2026-09-25,"No se publica el número de postulantes, así que no se puede saber si hubo más interesados que becas."
C3-047,El Agustino,150111,distrital,Agrupación Cultural Juventud Santa Limeña (difusión de la municipalidad),sociedad civil,Taller de danza de la Agrupación Cultural Juventud Santa Limeña,taller o curso,arte y cultura,no indica,,,no indica,no indica,,presencial,2026-04-11,2026,2026,Local Comunal de Vicentelo Bajo,oferta,,,,,,https://www.gob.pe/institucion/munielagustino/noticias/1377703-sumate-y-vive-la-cultura-a-traves-de-la-danza-y-el-arte-agustiniano,nota de prensa municipal (gob.pe),texto completo,2026-09-25,Una de las pocas ofertas de una organización social registradas.
C3-048,El Agustino,150111,distrital,"Municipalidad de El Agustino, comisaría y subprefectura",municipalidad distrital,"Patrulla Juvenil, Policías Escolares y BAPES (juramentación 2026)",programa,prevención (drogas y violencia); participación y voluntariado,"jóvenes, escolares y vecinos",,,juventud,gratuito,,presencial,2026-04-27,2026,2026,El Agustino,oferta,,,,,,https://www.gob.pe/institucion/munielagustino/noticias/1384278-ceremonia-de-juramentacion-de-patrulla-juvenil-policias-escolares-y-bapes | https://www.gob.pe/institucion/munielagustino/noticias/1158059-ceremonia-de-juramentacion-de-policias-escolares-en-la-i-e-maria-reiche-newmann-2025,nota de prensa municipal (gob.pe),texto completo,2026-09-25,
C3-049,El Agustino; La Molina; Ate,150111; 150114; 150103,distrital,Instituto Peruano del Deporte (IPD),gobierno nacional,Programa 'Vida Saludable' del IPD (juegos y actividad física con municipalidades),evento,deporte; salud y salud mental,niños y adolescentes de 6 a 17 años (El Agustino); estudiantes y familias,6,17,adolescentes,gratuito,,presencial,2025-02-21,2025,2025–2026,Complejo Padre Chiqui (El Agustino); Complejo César Vidaurre (La Molina); plazas de Ate,participación declarada,beneficiarios,500,La Molina: 'más de 500 beneficiarios' (enero de 2026),"niños, niñas y familias",,https://www.gob.pe/institucion/ipd/noticias/1112229-el-ipd-llevara-vida-saludable-a-ninos-y-adolescentes-de-el-agustino | https://www.gob.pe/institucion/ipd/noticias/1344006-programa-vida-saludable-del-instituto-peruano-del-deporte-beneficio-a-mas-500-personas-en-la-molina | https://www.gob.pe/institucion/ipd/noticias/1357283-mas-de-7-mil-personas-ya-se-mueven-con-el-programa-vida-saludable-del-ipd,nota institucional (gob.pe),texto completo,2026-09-25,
C3-050,La Molina,150114,distrital,Municipalidad de La Molina,municipalidad distrital,Talleres de reforzamiento educativo (primaria y preuniversitario),taller o curso,educación y preparación preuniversitaria,estudiantes de primaria y nivel preuniversitario,,,adolescentes,no indica,,presencial,2024-12-14,2024,2024 (clausura el 14/12/2024),"Sedes de Matazango, Viña Alta, Los Pinos, Coop. Hijos de Constructores y Complejo Deportivo Musa",participación declarada,beneficiarios,600,'beneficiando a más de 600 escolares',escolares de primaria y preuniversitarios (sin desglose),,https://www.gob.pe/institucion/munilamolina/noticias/1076454-talleres-de-reforzamiento-educativo-para-primaria-y-preuniversitario-benefician-a-seiscientos-escolares,nota de prensa municipal (gob.pe),texto completo,2026-09-25,
C3-051,La Molina,150114,distrital,Municipalidad de La Molina,municipalidad distrital,Talleres deportivos municipales (verano y todo el año; 2024–2026),taller o curso,deporte,niños y jóvenes de 6 a 17 años; talleres aparte para mayores de 18,6,17,adolescentes,mixto,"pagados (monto no indicado); gratuitos en vóley, natación, billar, boy scout y kung fu para residentes de Musa, Viña Alta, Matazango y las cooperativas Constructores (2026)",presencial,2025-01-03,2025,ciclos de verano y del resto del año,"Estadio Municipal, Complejo César Vidaurre (Musa), Skate Park de Matazango, Parque Jerusalén y otras sedes (10 locales en 2026)",participación declarada,participantes en el año,6304,"'durante este año [2024], un total de 6,304 participantes'; rendición de cuentas 2025: 'unos 6 mil participantes entre niños y jóvenes' y aumento de 400 % en la oferta deportiva",niños y jóvenes de 6 a 17 años,,https://www.gob.pe/institucion/munilamolina/noticias/1085248-inscripciones-para-talleres-de-verano-2025 | https://www.gob.pe/institucion/munilamolina/noticias/1179814-se-realizo-primera-audiencia-publica-del-2025-rendicion-de-cuentas | https://www.gob.pe/institucion/munilamolina/noticias/1308761-empezaron-las-inscripciones-para-talleres-deportivos-de-verano-2026,nota de prensa municipal (gob.pe),texto completo,2026-09-25,"Más de 30 disciplinas en 2026, entre ellas fútbol, básquet, vóley, artes marciales, patinaje (también sobre hielo), skate, rugby, tiro con arco, karting, esgrima, k-pop. 'Las vacantes son limitadas' (sin número)."
C3-052,La Molina,150114,distrital,Municipalidad de La Molina y Adecco,alianza público-privada,Convocatoria de empleo con Adecco para estudiantes técnicos y universitarios,servicio,empleo y empleabilidad,estudiantes o profesionales con estudios técnicos o universitarios desde el 2.º ciclo,,,juventud,gratuito,,virtual,2025-02-12,2025,2025,Postulación en línea,oferta,vacantes,30,"30 puestos de promotor de servicios (vacantes, no postulantes)",vacantes,,https://www.gob.pe/institucion/munilamolina/noticias/1108314-adecco-y-la-municipalidad-de-la-molina-buscan-30-promotores-de-servicios,nota de prensa municipal (gob.pe),texto completo,2026-09-25,"Forma parte de la Bolsa Laboral municipal, reconocida por el MTPE en 2025 (gob:1119657)."
C3-053,La Molina,150114,distrital,Municipalidad de La Molina,municipalidad distrital,Taller de tiro con arco,taller o curso,deporte,jóvenes (edad no indicada),,,juventud,no indica,,presencial,2025-02-14,2025,"desde marzo de 2024, por ciclos",Palacio Municipal,participación declarada,alumnos por horario,30,'aproximadamente 30 alumnos por horario'; 'notable aumento en la participación',jóvenes (edad no indicada),,https://www.gob.pe/institucion/munilamolina/noticias/1109524-la-municipalidad-de-la-molina-celebra-el-dia-de-san-valentin-con-una-demostracion-de-tiro-al-arco,nota de prensa municipal (gob.pe),texto completo,2026-09-25,
C3-054,La Molina,150114,distrital,Municipalidad de La Molina,municipalidad distrital,"Nuevos espacios: Boulevard Los Bambúes con coworking (2026), losa Cabo Willy con gimnasio comunitario (2025) y proyecto de centro cultural y CETPRO en Musa",espacio o infraestructura,deporte; arte y cultura; emprendimiento,"niños, jóvenes y adultos; todos los ciudadanos",,,todo público,no indica,,presencial,2025-02-18,2025,2025–2026,Musa; Calle Los Bambúes,oferta,,,,,,https://www.gob.pe/institucion/munilamolina/noticias/1111805-losa-deportiva-cabo-billy-de-musa-luce-totalmente-renovada | https://www.gob.pe/institucion/munilamolina/noticias/1406028-la-molina-transforma-antiguo-deposito-municipal-en-moderno-boulevard-los-bambues | https://www.gob.pe/institucion/munilamolina/noticias/1406395-la-molina-construye-futuro-en-musa-moderno-centro-cultural-cetpro-y-nuevos-espacios-deportivos-transformaran-la-vida-de-miles-de-vecinos,nota de prensa municipal (gob.pe),texto completo,2026-09-25,El centro cultural y el CETPRO de Musa estaban en proyecto (junio de 2026).
C3-055,La Molina,150114,distrital,Municipalidad de La Molina,municipalidad distrital,Biblioteca Municipal Plaza Bicentenario: visitas escolares y actividades,espacio o infraestructura,arte y cultura; educación y preparación preuniversitaria,"estudiantes de colegios del distrito (inicial, primaria y secundaria)",,,adolescentes,gratuito,,presencial,2025-03-20,2025,permanente,"Calle Los Rubíes cdra. 1, Urb. El Cascajal",oferta,,,,,,https://www.gob.pe/institucion/munilamolina/noticias/1060014-biblioteca-municipal-de-la-molina-presente-entre-las-20-mejores-iniciativas-del-pais | https://www.gob.pe/institucion/munilamolina/noticias/1129602-biblioteca-municipal-inicio-semana-de-aniversario-con-diferentes-actividades,nota de prensa municipal (gob.pe),texto completo,2026-09-25,Reconocida por CEPLAN entre las 20 mejores iniciativas del país (2024).
C3-056,La Molina,150114,distrital,Municipalidad de La Molina,municipalidad distrital,Brigadas de Autoprotección Escolar,programa,prevención (drogas y violencia); participación y voluntariado,"padres, docentes y estudiantes",,,adolescentes,gratuito,,presencial,2025-04-08,2025,2025,Colegios del distrito,oferta,,,,,,https://www.gob.pe/institucion/munilamolina/noticias/1142310-fueron-instaladas-en-la-molina-brigadas-de-autoproteccion-escolar,nota de prensa municipal (gob.pe),texto completo,2026-09-25,
C3-057,La Molina,150114,distrital,Municipalidad de La Molina,municipalidad distrital,Coro municipal (convocatoria),taller o curso,arte y cultura,jóvenes y adultos mayores de 17 años,17,,juventud,no indica,,presencial,2025-05-12,2025,audiciones 12 y 16 de mayo de 2025,Biblioteca Plaza Bicentenario; Sede Molinorte,oferta,,,,,,https://www.gob.pe/institucion/munilamolina/noticias/1165700-la-molina-convoca-a-sus-vecinos-para-integrarse-a-coro-municipal,nota de prensa municipal (gob.pe),texto completo,2026-09-25,
C3-058,La Molina,150114,distrital,Municipalidad de La Molina e Instituto Peruano de Negocios,alianza público-privada,Cursos virtuales gratuitos de empleabilidad,taller o curso,empleo y empleabilidad; tecnología,vecinos,,,todo público,gratuito,,virtual,2025-05-19,2025,2025,En línea,oferta,,,,,,https://www.gob.pe/institucion/munilamolina/noticias/1170875-nuevos-cursos-virtuales-gratuitos-ofrece-municipalidad-a-vecinos-de-la-molina,nota de prensa municipal (gob.pe),texto completo,2026-09-25,"Asistente de tesorería, diseño gráfico, Adobe Illustrator, administración bancaria, costos y presupuestos."
C3-059,La Molina,150114,distrital,Municipalidad de La Molina,municipalidad distrital,"Concurso de fotografía 'Suelta el cable, conéctate con la vida'",concurso o competencia,arte y cultura; salud y salud mental,adolescentes de 12 a 18 años,12,18,adolescentes,gratuito,,presencial,2025-06-30,2025,junio–septiembre de 2025,La Molina,participación declarada,fotografías destacadas / finalistas,25,'destacándose 25 fotografías'; 17 finalistas; becas de la UCAL para los tres primeros puestos,adolescentes de 12 a 18 años,,https://www.gob.pe/institucion/munilamolina/noticias/1198913-convocan-a-concurso-fotografico-sobre-el-buen-uso-del-tiempo-libre | https://www.gob.pe/institucion/munilamolina/noticias/1250840-premian-a-ganadores-de-concurso-fotografico,nota de prensa municipal (gob.pe),texto completo,2026-09-25,"La idea surgió de talleres con niños y adolescentes de la Estrategia Modo Niñez, que señalaron las redes sociales como un problema."
C3-060,La Molina,150114,distrital,Municipalidad de La Molina,municipalidad distrital,Convocatoria de Promotores Ambientales 2025 (voluntariado),convocatoria de voluntariado,ambiente; participación y voluntariado,"estudiantes de ingeniería ambiental desde el 5.º ciclo, de 19 a 29 años",19,29,juventud,gratuito,,presencial,2025-07-30,2025,2025 (inscripción hasta el 31/07/2025),La Molina,oferta,,,,,,https://www.gob.pe/institucion/munilamolina/noticias/1217887-la-molina-convoca-a-voluntariado-para-integrar-equipo-de-promotores | https://www.gob.pe/institucion/munilamolina/noticias/1402596-la-molina-celebro-el-dia-mundial-del-medioambiente-con-feria-arborizacion-y-participacion-de-escolares-y-vecinos,nota de prensa municipal (gob.pe),texto completo,2026-09-25,"En 2026, 'promotores ambientales juveniles' participaron en la Feria Ambiental."
C3-061,La Molina,150114,metropolitano,Ministerio de Trabajo y Promoción del Empleo (MTPE),gobierno nacional,I Encuentro de Jóvenes para la Formalización Laboral (UNALM),evento,empleo y empleabilidad,alumnos de la Universidad Nacional Agraria La Molina,,,juventud,gratuito,,presencial,2025-08-19,2025,un día,Auditorio de la UNALM,participación declarada,asistentes (sin número exacto),,'decenas de alumnos',universitarios,,https://www.gob.pe/institucion/mtpe/noticias/1229588-mtpe-alumnos-de-universidad-la-molina-participan-en-encuentro-para-la-formalizacion-laboral,nota institucional (gob.pe),texto completo,2026-09-25,
C3-062,La Molina,150114,distrital,Municipalidad de La Molina y Asociación Cultural Jallmay,alianza público-privada,Festival Internacional de Danza DANZPARE 2025,evento,arte y cultura,vecinos; presentaciones en doce colegios,,,todo público,gratuito,,presencial,2025-09-17,2025,17 al 24 de septiembre de 2025,Parque Hispanoamérica y doce colegios,oferta,,,,,,https://www.gob.pe/institucion/munilamolina/noticias/1247326-vecinos-molinenses-disfrutaran-gratis-del-festival-internacional-danzpare-2025 | https://www.gob.pe/institucion/munilamolina/noticias/1250911-urbanizacion-santa-patricia-disfruto-del-festival-internacional-danzpare-2025,nota de prensa municipal (gob.pe),texto completo,2026-09-25,
C3-063,La Molina,150114,distrital,Municipalidad de La Molina,municipalidad distrital,"Juegos Florales Escolares La Molina (3.ª edición, 2025)",concurso o competencia,arte y cultura; salud y salud mental,escolares ('niños y jóvenes') de colegios del distrito,,,adolescentes,gratuito,,presencial,2025-09-23,2025,septiembre de 2025 (edición anual),La Molina,participación declarada,participantes,300,'alrededor de 300 ... de 30 colegios del distrito',"escolares (primaria y secundaria, sin desglose)",,https://www.gob.pe/institucion/munilamolina/noticias/1252156-se-inauguraron-juegos-florales-para-escolares,nota de prensa municipal (gob.pe),texto completo,2026-09-25,"Pintura, poesía, música, danza y teatro, con el lema 'Arte para sentirse bien' (salud socioemocional)."
C3-064,La Molina,150114,distrital,Municipalidad de La Molina,municipalidad distrital,CETPRO La Molina (Centro de Educación Técnico-Productiva municipal),programa,empleo y empleabilidad; emprendimiento; tecnología,jóvenes y adultos; alumnos de 14 a 60 años,14,60,todo público,no indica,,presencial,2025-10-30,2025,permanente; tres turnos (8 a. m. a 8 p. m.),"Calle Los Mangos 145, Residencial Monterrico; nuevo CETPRO proyectado en Musa (2026)",participación declarada,estudiantes matriculados,385,'sus 385 estudiantes que participan este 2025 ... las cifras se duplicaron respecto a años anteriores',alumnos de 14 a 60 años (mayoría mujeres),,https://www.gob.pe/institucion/munilamolina/noticias/1277486-cetpro-la-molina-esta-de-aniversario-y-celebro-23-anos-capacitando-a-molinenses | https://www.gob.pe/institucion/munilamolina/noticias/1406395-la-molina-construye-futuro-en-musa-moderno-centro-cultural-cetpro-y-nuevos-espacios-deportivos-transformaran-la-vida-de-miles-de-vecinos,nota de prensa municipal (gob.pe),texto completo,2026-09-25,"Estética personal, computación y textilería; título de auxiliar técnico del Minedu. Duplicar la matrícula indica más participación, no más interesados que cupos."
C3-065,La Molina,150114,distrital,Municipalidad de La Molina,municipalidad distrital,Ferias del Libro de La Molina (II 2024 y III 2025),feria,arte y cultura,"vecinos; estudiantes, docentes y público general",,,todo público,gratuito,,presencial,2025-11-13,2025,anual (octubre–noviembre),Vértice Mocha Graña (2024); Av. Melgarejo (2025),oferta,,,,,,https://www.gob.pe/institucion/munilamolina/noticias/1049637-miles-de-titulos-y-mas-de-70-actividades-en-la-ii-feria-del-libro-de-la-molina | https://www.gob.pe/institucion/munilamolina/noticias/1285767-iii-feria-del-libro-de-la-molina | https://www.gob.pe/institucion/munilamolina/noticias/1288947-la-molina-inauguro-tercera-feria-de-libro,nota de prensa municipal (gob.pe),texto completo,2026-09-25,Organizada con Kimochi Gestión Cultural (2024). Más de 70 actividades en 2024.
C3-066,La Molina,150114,distrital,Municipalidad de La Molina,municipalidad distrital,Talleres de natación de verano 2026,taller o curso,deporte; inclusión y discapacidad,"desde niños de 6 años hasta adultos, incluidas personas con discapacidad",6,,todo público,no indica,,presencial,2026-01-09,2026,dos meses (enero–febrero de 2026),"Piscina del Complejo Deportivo Municipal César Vidaurre (Musa), reabierta",participación declarada,participantes,1200,"'más de 1,200 personas de diferentes edades participan activamente'",todas las edades,,https://www.gob.pe/institucion/munilamolina/noticias/1330447-mas-de-1-200-personas-siguen-el-curso-de-natacion-verano-2026,nota de prensa municipal (gob.pe),texto completo,2026-09-25,
C3-067,La Molina,150114,distrital,Municipalidad de La Molina,municipalidad distrital,"Molitalleres (verano, otoño-invierno): talleres educativos, culturales y productivos",taller o curso,arte y cultura; tecnología; educación y preparación preuniversitaria; idiomas,"niños, adolescentes, jóvenes y adultos (talleres por grupo de edad)",,,todo público,no indica,,presencial,2026-01-12,2026,ciclos de verano y otoño-invierno (2025–2026),"Biblioteca Plaza Bicentenario, Molinorte, CETPRO",oferta,,,'con gran acogida' (sin cifra),,,https://www.gob.pe/institucion/munilamolina/noticias/1162314-los-molitalleres-otono-invierno-empiezan-hoy-en-diferentes-locales | https://www.gob.pe/institucion/munilamolina/noticias/1328590-este-viernes-cierran-las-inscripciones-para-los-molitalleres-de-verano-2026,nota de prensa municipal (gob.pe),texto completo,2026-09-25,"Para adolescentes y adultos: preparación preuniversitaria, reforzamiento, computación, quechua, danzas, baile moderno. Para niños y adolescentes: teatro, ilustración anime, oratoria, robótica."
C3-068,La Molina,150114,distrital,Municipalidad de La Molina,municipalidad distrital,Molitalleres gratuitos de computación (Word y Excel),taller o curso,tecnología,niños y jóvenes de 10 a 18 años (grupo de 16 a 18 años: Excel avanzado),10,18,adolescentes,gratuito,,presencial,2026-04-18,2026,"sábados, desde abril de 2026",CETPRO La Molina,oferta,,,'los cupos son limitados' (sin número),,,https://www.gob.pe/institucion/munilamolina/noticias/1379493-la-molina-lanza-moltalleres-gratuitos-de-computacion-para-ninos-y-jovenes,nota de prensa municipal (gob.pe),texto completo,2026-09-25,
C3-069,La Molina,150114,distrital,Municipalidad de La Molina,municipalidad distrital,Exposición 'La Evolución de los Vertebrados' en 'Espacio para Todos',evento,tecnología; arte y cultura,"estudiantes de secundaria, universitarios y vecinos",,,todo público,no indica,,presencial,2026-06-25,2026,2026,'Espacio para Todos' (nuevo recinto municipal),participación declarada,asistentes (sin número),,"'con gran asistencia de estudiantes de secundaria, universitarios y vecinos' (sin número)",estudiantes y vecinos,,https://www.gob.pe/institucion/munilamolina/noticias/1411789-inauguran-espectacular-exposicion-la-evolucion-de-los-vertebrados,nota de prensa municipal (gob.pe),texto completo,2026-09-25,
C3-070,Lurigancho-Chosica,150118,distrital,"Municipalidad de Lurigancho-Chosica (Subgerencia de Educación, Cultura, Deporte y Juventud)",municipalidad distrital,Academia Preuniversitaria Municipal CEPREMUNI,programa,educación y preparación preuniversitaria,jóvenes que postulan a la universidad,,,juventud,gratuito,,presencial,2024-02-01,2024,ciclos desde 2024; simulacros semanales,Chosica (no indica sede),participación declarada,estudiantes matriculados,180,"más de 180 estudiantes de la Academia Preuniversitaria Municipal (feria vocacional, 16/02/2026)",estudiantes preuniversitarios,,https://munichosica.pe/2024/02/01/lurigancho-chosica-primera-academia-municipal-gratuita-inauguro-clase-preuniversitaria-con-exito/ | https://www.gob.pe/institucion/munilurigancho/noticias/902418-lurigancho-chosica-primera-academia-municipal-gratuita-inauguro-clase-preuniversitaria-con-exito | https://munichosica.pe/2026/02/16/feria-de-orientacion-vocacional-en-chosica/,sitio web municipal,texto completo,2026-09-25,"La nota de 2024 dice que atrajo a residentes de Cajamarquilla, Carapongo y Jicamarca (sin cifras)."
C3-071,Lurigancho-Chosica,150118,distrital,Municipalidad de Lurigancho-Chosica y Centro Comunitario de Salud Mental,municipalidad distrital,Marcha por el Día Mundial para la Prevención del Suicidio,evento,salud y salud mental,"escolares, PNP, profesionales de salud y agentes comunitarios",,,adolescentes,gratuito,,presencial,2024-09-10,2024,un día,Chosica,oferta,,,sin cifra,,,https://munichosica.pe/2024/09/10/alcalde-lidero-movilizacion-para-concientizar-sobre-la-prevencion-del-suicidio/,sitio web municipal,texto completo,2026-09-25,
C3-072,Lurigancho-Chosica,150118,distrital,Municipalidad de Lurigancho-Chosica,municipalidad distrital,Gran Cruzada Verde,convocatoria de voluntariado,ambiente; participación y voluntariado,voluntarios (edad no indicada),,,no indica,gratuito,,presencial,2024-09-12,2024,jornada,Lurigancho-Chosica,participación declarada,voluntarios,300,más de 300 voluntarios se unieron,voluntarios (edad no indicada),,https://munichosica.pe/2024/09/12/lurigancho-chosica-el-pulmon-de-lima-este/,sitio web municipal,texto completo,2026-09-25,
C3-073,Lurigancho-Chosica,150118,distrital,Municipalidad de Lurigancho-Chosica,municipalidad distrital,Urban Fest 2024.2,evento,arte y cultura,público de diversas edades,,,todo público,no indica,,presencial,2024-09-29,2024,un día,Anfiteatro del Parque Central,oferta,,,'notable afluencia de público' (sin cifra),,,https://munichosica.pe/2024/09/29/derroche-de-talento-y-cultura-en-la-fiesta-urbana-mas-esperada-del-2024/,sitio web municipal,texto completo,2026-09-25,"Hip hop, rap, breakdance, arte callejero, batalla de gallos con jóvenes. El nombre '2024.2' sugiere una edición anterior en 2024."
C3-074,Lurigancho-Chosica,150118,nacional,SENAJU,gobierno nacional,Encuentro Nacional de Jóvenes del Bicentenario 2024,evento,participación y voluntariado,jóvenes de todas las regiones y consejos regionales de juventud,,,juventud,no indica,,presencial,2024-12-20,2024,tres días,Centro Vacacional Huampaní,participación declarada,participantes,200,congregó a más de 200 jóvenes de todas las regiones del Perú,jóvenes de todo el país,,https://juventud.gob.pe/2024/12/culmino-con-exito-el-encuentro-nacional-de-jovenes-del-bicentenario-2024/,nota institucional (SENAJU),texto completo,2026-09-25,Evento nacional con sede en Lima Este; no es oferta dirigida a jóvenes del distrito. El distrito del Centro Vacacional Huampaní está por verificar (Lurigancho-Chosica usa 'Huampaní' como sede de sus talleres; el alcalde de Chaclacayo asistió).
C3-075,Lurigancho-Chosica,150118,distrital,Municipalidad de Lurigancho-Chosica,municipalidad distrital,"Reapertura del Coliseo Carmela Estrella ('Coliseo de la Juventud, Cultura y Deporte')",espacio o infraestructura,deporte; arte y cultura,vecinos,,,todo público,no indica,,presencial,2025-04-22,2025,permanente,Chosica,oferta,población beneficiaria estimada,2400,"beneficiando a más de 2400 vecinos (estimación de la obra, no asistencia)",vecinos,,https://munichosica.pe/2025/04/22/coliseo-de-las-estrellas-renace-tras-20-anos-y-marca-un-nuevo-inicio-para-el-deporte-y-la-cultura/,sitio web municipal,texto completo,2026-09-25,Sede de los talleres de verano 2026 y de la feria vocacional.
C3-076,Lurigancho-Chosica,150118,distrital,Municipalidad de Lurigancho-Chosica,municipalidad distrital,"Encuentro del Inca con el Señor de Cajamarquilla / Cajamarquilla Raymi (2024, 2025 y 2026)",evento,patrimonio; arte y cultura,"vecinos, turistas y estudiantes de colegios del distrito",,,todo público,no indica,,presencial,2025-06-24,2025,anual (junio),Zona Arqueológica de Cajamarquilla,participación declarada,asistentes,4000,2024: 'participaron más de 400 escolares' (con premios a cuatro colegios); 2025: más de 4 mil vecinos y más de 500 estudiantes de siete instituciones educativas en la puesta en escena; 2026: asistencia prevista de más de 4 mil,público general; estudiantes escolares como elenco,,https://munichosica.pe/2024/06/23/chosica-revivio-el-encuentro-del-inca-con-el-senor-de-cajamarquilla/ | https://www.gob.pe/institucion/munilurigancho/noticias/976723-chosica-revivio-el-encuentro-del-inca-con-el-senor-de-cajamarquilla | https://munichosica.pe/2025/06/24/lurigancho-chosica-celebro-el-maximo-evento-cultural-cajamarquilla-raymi/ | https://munichosica.pe/2026/07/08/lurigancho-chosica-celebrara-el-megaevento-cultural-cajamarquilla-raymi-2026-el-evento-turistico-revive-nuestras-costumbres-prehispanicas/,sitio web municipal,texto completo,2026-09-25,
C3-077,Lurigancho-Chosica,150118,distrital,Municipalidad de Lurigancho-Chosica,municipalidad distrital,"Nuevos campos y losas deportivas (Santa Cruz de Cajamarquilla, Nievería, Nicolás de Piérola, Huachipa, Terrazas del Valle-Ñaña)",espacio o infraestructura,deporte,vecinos,,,todo público,no indica,,presencial,2025-07-31,2025,2025–2026,"Nievería, Nicolás de Piérola, Huachipa, Ñaña",oferta,población beneficiaria estimada,,"cada obra declara 'beneficiará a más de' 2,000 a 20 mil vecinos (estimaciones, no uso)",vecinos,,https://www.gob.pe/institucion/munilurigancho/noticias/913934-lluvia-de-obras-para-el-desarrollo-sostenible-en-lurigancho-chosica | https://munichosica.pe/2025/07/31/alcalde-inauguro-un-gran-campo-deportivo-y-juegos-infantiles-en-nieveria/ | https://munichosica.pe/2025/09/09/alcalde-inauguro-cancha-sintetica-en-nicolas-de-pierola/ | https://munichosica.pe/2025/11/13/inauguramos-obra-de-losa-deportiva-y-pistas-en-huachipa/ | https://munichosica.pe/2026/09/01/inauguracion-de-nuevo-campo-deportivo-en-las-terrazas-del-valle/,sitio web municipal,texto completo,2026-09-25,
C3-078,Lurigancho-Chosica,150118,distrital,Municipalidad de Lurigancho-Chosica,municipalidad distrital,Taller de verano arqueológico 'Aventureros de Cajamarquilla',taller o curso,patrimonio,niños y niñas de 7 a 11 años,7,11,no,gratuito,,presencial,2026-01-07,2026,verano 2026,Zona Arqueológica de Cajamarquilla,demanda observada,inscritos,60,previsto para 25 niños; se inscribieron más de 60,niños de 7 a 11 años,inscritos (más de 60) superan el cupo previsto (25),https://munichosica.pe/2026/01/07/iniciamos-el-taller-de-verano-arqueologico-aventureros-de-cajamarquilla/,sitio web municipal,texto completo,2026-09-25,Fuera del rango de edad del proyecto; se registra por ser una de las pocas señales de demanda documentadas.
C3-079,Lurigancho-Chosica,150118,distrital,Municipalidad de Lurigancho-Chosica,municipalidad distrital,Talleres Municipales de Verano 2026,taller o curso,deporte; arte y cultura,niños y adolescentes,,,adolescentes,no indica,,presencial,2026-01-12,2026,verano 2026,"Coliseo Carmela Estrella y sedes en Huampaní, Ñaña, Carapongo, Huachipa, Nievería, Cajamarquilla y Cerro Camote",participación declarada,inscritos,1500,"se inscribieron más de 1,500 niños y adolescentes (más de 700 en Chosica y más de 800 en otras sedes)",niños y adolescentes,,https://munichosica.pe/2026/01/12/inauguracion-de-talleres-municipales-de-verano-2026/,sitio web municipal,texto completo,2026-09-25,"Fútbol, vóley, básquet, natación, dibujo, pintura. No se sabe cuántos inscritos tienen 15 años o más."
C3-080,Lurigancho-Chosica,150118,distrital,Municipalidad de Lurigancho-Chosica y Academia DEUNI,municipalidad distrital,Feria de Orientación Vocacional,feria,orientación vocacional; educación y preparación preuniversitaria,estudiantes y vecinos; adolescentes y jóvenes,,,juventud,no indica,,presencial,2026-02-16,2026,un día,Exteriores del Coliseo Carmela Estrella,participación declarada,asistentes,300,asistieron más de 300 estudiantes y vecinos; más de 15 universidades e instituciones,estudiantes y vecinos (edad no indicada),,https://munichosica.pe/2026/02/16/feria-de-orientacion-vocacional-en-chosica/,sitio web municipal,texto completo,2026-09-25,Incluyó un simulacro de examen de admisión con la Universidad La Cantuta.
C3-081,Lurigancho-Chosica,150118,metropolitano,Municipalidad de Lurigancho-Chosica y Municipalidad de Lima,municipalidad distrital,Carrera 'Ruta del Sol 5K' en la zona arqueológica de Cajamarquilla,concurso o competencia,deporte; patrimonio,deportistas locales y de otros distritos; cadetes de la PNP,,,todo público,no indica,,presencial,2026-04-19,2026,un día,Zona Arqueológica de Cajamarquilla,participación declarada,participantes,1000,'más de mil atletas'; 'masiva participación de las futuras generaciones de la Policía Nacional',atletas de todas las edades,,https://www.gob.pe/institucion/munilurigancho/noticias/1382244-mas-de-mil-atletas-en-la-milenaria-ciudadela-de-cajamarquilla-en-el-desafio-ruta-del-sol-5k,nota de prensa municipal (gob.pe),texto completo,2026-09-25,
C3-082,Lurigancho-Chosica,150118,distrital,Municipalidad de Lurigancho-Chosica y Confederación Internacional del Libro,alianza público-privada,3.ª Feria del Libro Internacional en Chosica,feria,arte y cultura,"todas las generaciones; colegios, familias",,,todo público,no indica,,presencial,2026-10-09,2026,9 al 18 de octubre de 2026 (anunciada),"Plaza de las Banderas, Villa del Sol",oferta,,,sin cifra (evento futuro),,,https://munichosica.pe/2026/08/07/muy-pronto-se-realizara-la-tercera-feria-del-libro-internacional-en-chosica/,sitio web municipal,texto completo,2026-09-25,Tercera edición: hubo ediciones anteriores.
C3-083,Lurigancho-Chosica; Ate,150118; 150103,distrital,Ministerio de Trabajo y Promoción del Empleo (MTPE),gobierno nacional,"Ferias 'Chamba en tu barrio' (Huachipa 2025; Santa Clara, Ate 2026)",feria,empleo y empleabilidad,"jóvenes, personas con discapacidad, adultos mayores y público general",,,todo público,gratuito,,presencial,2026-02-06,2026,28 de mayo de 2025; 6 de febrero de 2026,Huachipa (Lurigancho-Chosica); Agencia Municipal Santa Clara (Ate),participación declarada,asistentes (sin número exacto),,Ate: 'cientos de jóvenes y adultos' llegaron por 'alrededor de 300 vacantes' de más de doce empresas; Huachipa: 300 puestos (vacantes),jóvenes y adultos,,https://www.gob.pe/institucion/mtpe/noticias/1173831-mas-de-1200-puestos-de-trabajo-estaran-disponibles-en-la-semana-de-oportunidades-laborales-del-mtpe | https://www.gob.pe/institucion/mtpe/noticias/1348743-cientos-de-jovenes-llegan-a-feria-chamba-en-tu-barrio-de-ate-en-busca-de-una-de-las-300-vacantes-de-empleo,nota institucional (gob.pe),texto completo,2026-09-25,No se sabe si los asistentes superaron las vacantes: la nota no da el número de asistentes.
C3-084,San Juan de Lurigancho,150132,nacional,SENAJU (Ministerio de Educación),gobierno nacional,"Talleres juveniles: arte, desarrollo y empleabilidad (verano 2024), sede presencial en SJL",taller o curso,arte y cultura; empleo y empleabilidad,adolescentes y jóvenes de 15 a 29 años,15,29,juventud,gratuito,,mixta,2024-01-15,2024,15 de enero al 28 de febrero de 2024,Comisaría de Bayóvar (SJL) y otros cuatro distritos de Lima; talleres virtuales nacionales,demanda observada,inscritos (todas las sedes),5000,"'se agotaron las inscripciones, más de cinco mil inscritos' en los diez talleres; se esperaba beneficiar a 'casi 1000' adolescentes y jóvenes",jóvenes de 15 a 29 años de todo el país,"inscripciones agotadas; inscritos (más de 5 mil) muy por encima de la meta (casi mil). Es demanda por estos talleres gratuitos específicos, medida en cinco sedes de Lima y talleres virtuales nacionales",https://juventud.gob.pe/2024/01/atencion-jovenes-la-senaju-ofrecera-10-talleres-gratuitos-a-nivel-nacional/ | https://juventud.gob.pe/2024/01/mas-de-cinco-mil-inscritos-en-los-talleres-juveniles-arte-desarrollo-y-empleabilidad-de-la-senaju/,nota institucional (SENAJU),texto completo,2026-09-25,La demanda no es atribuible a SJL: la cifra agrega cinco sedes presenciales y cinco talleres virtuales nacionales.
C3-085,San Juan de Lurigancho,150132,distrital,"SENAJU, Comisaría de Bayóvar y Asociación Cultural Las Pregoneras",gobierno nacional,Festival de las Artes 2024,evento,arte y cultura; participación y voluntariado,agrupaciones musicales y organizaciones juveniles de SJL (RENOJ),,,juventud,gratuito,,presencial,2024-02-02,2024,un día,"Comisaría de Bayóvar, SJL",oferta,,,,,,https://juventud.gob.pe/2024/02/festival-de-las-artes-2024-llega-a-san-juan-de-lurigancho-con-agrupaciones-musicales-y-organizaciones-juveniles/,nota institucional (SENAJU),texto completo,2026-09-25,
C3-086,San Juan de Lurigancho,150132,metropolitano,SERPAR (Municipalidad de Lima),Municipalidad de Lima / SERPAR,"Talleres gratuitos en el Club Wiracocha: handball (8–17 años), rugby (7–14 años), tiro con arco adaptado",taller o curso,deporte,niños y adolescentes; tiro con arco para todos y personas con discapacidad,7,17,adolescentes,gratuito,,presencial,2024-04-04,2024,"semanal, 2024",Club Metropolitano Wiracocha,oferta,,,sin cifra,,,https://www.serpar.gob.pe/noticias/mas-deporte-y-cultura-en-los-clubes-y-parques-metropolitanos-de-serpar/ | https://www.serpar.gob.pe/noticias/club-metropolitano-wiracocha-ofrece-taller-de-tiro-con-arco-adaptado/ | https://www.serpar.gob.pe/noticias/serpar-brinda-talleres-y-escuelas-deportivas-y-culturales-gratuitas-y-a-costos-sociales/,nota institucional (SERPAR),texto completo,2026-09-25,
C3-087,San Juan de Lurigancho,150132,distrital,"SENAJU, Municipalidad de SJL, SISOL, SIS e IPD",gobierno nacional,Campaña de Salud Integral para las Juventudes,servicio,salud y salud mental,jóvenes de SJL,,,juventud,gratuito,,presencial,2024-04-27,2024,un día,"Av. Maquinarias 537, junto al Parque Zonal Huiracocha",participación declarada,beneficiarios,,'decenas de jóvenes' fueron beneficiados (sin número),jóvenes,,https://juventud.gob.pe/2024/04/senaju-llevo-campana-de-salud-integral-para-las-juventudes-de-san-juan-de-lurigancho/,nota institucional (SENAJU),texto completo,2026-09-25,"Odontología, psicología, nutrición, salud sexual y reproductiva, afiliación al SIS, actividad física."
C3-088,San Juan de Lurigancho,150132,metropolitano,SERPAR (Municipalidad de Lima),Municipalidad de Lima / SERPAR,'Serpar tiene talento' 2024: casting de la zona Este,concurso o competencia,arte y cultura,niños y adultos,,,todo público,gratuito,,presencial,2024-06-15,2024,un día (casting),Club Metropolitano Wiracocha,oferta,,,sin cifra de postulantes de la zona Este,,,https://www.serpar.gob.pe/noticias/se-inicia-casting-zonal-para-etapa-final-de-la-segunda-edicion-de-serpar-tiene-talento/ | https://www.serpar.gob.pe/noticias/club-metropolitano-wiracocha-eligio-a-sus-finalistas-del-serpar-tiene-talento/ | https://www.serpar.gob.pe/noticias/eligen-a-ganadores-de-la-segunda-temporada-de-serpar-tiene-talento/,nota institucional (SERPAR),texto completo,2026-09-25,
C3-089,San Juan de Lurigancho,150132,distrital,Ministerio de Cultura y Municipalidad de San Juan de Lurigancho,gobierno nacional,Cursos gratuitos de quechua chanka para escolares y vecinos,taller o curso,idiomas; arte y cultura,estudiantes de secundaria; vecinos,,,adolescentes,gratuito,,presencial,2024-07-17,2024,2024 (I.E. Antenor Orrego; curso para vecinos); verano 2025 (80 vacantes en el Palacio Municipal); 2025 (I.E. El Bosque),I.E. Antenor Orrego; Palacio Municipal de SJL; I.E. El Bosque,participación declarada,egresados,98,"2024: 'cerca de 100 estudiantes ... culminaron' (98 con constancia) y 'más de 50 vecinos'; verano 2025: 44 estudiantes de SJL, El Agustino y el Rímac culminaron (80 vacantes)",estudiantes de secundaria; vecinos,,https://www.gob.pe/institucion/cultura/noticias/931743-mas-de-300-estudiantes-iniciaron-clases-gratuitas-de-lenguas-indigenas-en-colegios-emblematicos-de-lima-loreto-ucayali-y-san-martin | https://www.gob.pe/institucion/cultura/noticias/990296-cerca-de-100-estudiantes-de-colegio-emblematico-de-san-juan-de-lurigancho-culminaron-clases-gratuitas-de-quechua-impulsadas-por-el-mincul | https://www.gob.pe/institucion/cultura/noticias/1020283-lenguas-indigenas-ministerio-de-cultura-dictara-curso-gratuito-de-awajun-a-estudiantes-de-colegio-emblematico-de-la-region-amazonas | https://www.gob.pe/institucion/cultura/noticias/1061673-lenguas-indigenas-vecinos-de-san-juan-de-lurigancho-culminaron-curso-gratuito-de-lengua-quechua-impulsado-por-el-ministerio-de-cultura | https://www.gob.pe/institucion/cultura/noticias/1088518-aprende-quechua-y-shipibo-konibo-gratis-ministerio-de-cultura-brinda-mas-de-200-vacantes-para-estudiantes-de-educacion-secundaria | https://www.gob.pe/institucion/cultura/noticias/1132380-estudiantes-de-san-juan-de-lurigancho-el-agustino-y-el-rimac-aprendieron-quechua-chanka-gracias-a-curso-gratuito-del-ministerio-de-cultura | https://www.gob.pe/institucion/cultura/noticias/1227454-ministerio-de-cultura-promueve-ensenanza-de-lenguas-indigenas-u-originarias-en-estudiantes-de-todo-el-pais,nota institucional (gob.pe),texto completo,2026-09-25,"SJL tiene más de 100 mil quechuahablantes, según el ministerio."
C3-090,San Juan de Lurigancho,150132,distrital,SENAJU y CAPLAB,gobierno nacional,"Programa 'Habilidades socioemocionales, empleabilidad y desarrollo personal' en el CEBA Antenor Orrego",programa,empleo y empleabilidad; salud y salud mental,jóvenes de 15 a 29 años del CEBA,15,29,juventud,gratuito,,presencial,2024-10-04,2024,2024 (varias sesiones),"CEBA Antenor Orrego, SJL",participación declarada,aprobados con constancia,62,62 jóvenes de 15 a 29 años lograron obtener la constancia de aprobación,jóvenes de 15 a 29 años,,https://juventud.gob.pe/2024/10/san-juan-de-lurigancho-senaju-capacito-con-exito-a-jovenes-del-ceba-antenor-orrego/,nota institucional (SENAJU),texto completo,2026-09-25,"Plan de vida, gestión socioemocional, orientación vocacional, búsqueda de empleo."
C3-091,San Juan de Lurigancho,150132,distrital,Municipalidad de San Juan de Lurigancho (programa 'Juventudes'),municipalidad distrital,"Talleres de verano 2025 del programa 'Juventudes': danzas peruanas, BMX y Canva",taller o curso,arte y cultura; deporte; tecnología,jóvenes de 15 a 29 años,15,29,juventud,gratuito,,presencial,2025-01-07,2025,semanal desde el 7 y 8 de enero de 2025,Polideportivo San Carlos,oferta,,,'cupos limitados' (sin número),,,https://www.infobae.com/peru/2025/01/01/municipalidad-anuncia-talleres-gratuitos-2025-para-jovenes-link-de-la-inscripcion-y-cursos-que-se-dictaran/,prensa,texto completo,2026-09-25,
C3-092,San Juan de Lurigancho,150132,distrital,Municipalidad de San Juan de Lurigancho,municipalidad distrital,"Parques, alamedas y losas renovados con espacios para jóvenes (2025–2026)",espacio o infraestructura,deporte; recreación,"familias; 'jóvenes y deportistas'; uso gratuito de fin de semana para niñas, adolescentes y mujeres (parque El Chalán)",,,todo público,gratuito,,presencial,2025-02-03,2025,2025–2026,Parque El Chalán de Campoy; parque La 49 (calistenia); alameda Coronel Althaus (losa multideportiva); alameda Elías Aguirre; parque 1.º de Mayo (minigimnasio); losa del Malecón Checa; parque Javier Heraud,oferta,,,,,,https://www.gob.pe/institucion/munisanjuandelurigancho/noticias/1101950-gestion-municipal-inaugura-parque-el-chalan-de-campoy | https://www.gob.pe/institucion/munisanjuandelurigancho/noticias/1240353-parque-la-49-de-caja-de-agua-se-renueva-con-juegos-infantiles | https://www.gob.pe/institucion/munisanjuandelurigancho/noticias/1317010-alameda-coronel-althaus-entra-en-fase-final-con-un-80-de-avance | https://www.gob.pe/institucion/munisanjuandelurigancho/noticias/1363561-carnaval-y-alegria-inauguramos-alameda-coronel-althaus-con-miles-de-vecinos | https://www.gob.pe/institucion/munisanjuandelurigancho/noticias/1422037-alameda-elias-aguirre-obra-concluida-al-100-y-lista-para-el-disfrute-de-los-vecinos | https://www.gob.pe/institucion/munisanjuandelurigancho/noticias/1439567-parque-1-de-mayo-luce-renovado-con-nuevas-areas-verdes-juegos-infantiles-y-mini-gimnasio | https://www.gob.pe/institucion/munisanjuandelurigancho/noticias/1322413-recuperamos-losa-multideportiva-en-zona-junto-al-rio-rimac,nota de prensa municipal (gob.pe),texto completo,2026-09-25,
C3-093,San Juan de Lurigancho,150132,metropolitano,Ministerio de Trabajo y Promoción del Empleo (MTPE),gobierno nacional,Centro de Empleo del MTPE en SJL y maratones del empleo,servicio,empleo y empleabilidad,"buscadores de empleo; jóvenes, personas con discapacidad y público general",,,todo público,gratuito,,presencial,2025-02-12,2025,"permanente; maratones en octubre de 2024, febrero, abril y noviembre de 2025",Centro de Empleo de SJL; sede San Hilarión,participación declarada,asistentes (sin número exacto),,"'cientos de buscadores de empleo' en la Maratón del Empleo de noviembre de 2025 (6 mil vacantes, más de 80 empresas); 200 puestos en la maratón de febrero de 2025",buscadores de empleo de todas las edades,,https://www.gob.pe/institucion/mtpe/noticias/1046591-mtpe-ofertara-mas-de-4-500-vacantes-laborales-del-28-al-31-de-octubre-en-maratones-y-ferias | https://www.gob.pe/institucion/mtpe/noticias/1071922-este-10-11-y-12-de-diciembre-se-ofertara-mas-de-300-puestos-de-trabajo-en-diversos-centros-de-empleo-del-mtpe | https://www.gob.pe/institucion/mtpe/noticias/1105758-mtpe-ofrece-cientos-de-vacantes-laborales-formales-en-tres-jornadas-masivas-durante-la-semana-de-oportunidades-laborales | https://www.gob.pe/institucion/mtpe/noticias/1152024-mas-de-1300-vacantes-formales-en-la-semana-de-oportunidades-laborales-del-mtpe-del-22-al-25-de-abril | https://www.gob.pe/institucion/mtpe/noticias/1169424-mtpe-realiza-semana-de-oportunidades-con-mas-de-1000-vacantes-de-empleo-formal | https://www.gob.pe/institucion/mtpe/noticias/1291985-mtpe-cientos-de-buscadores-de-empleo-asisten-a-feria-del-empleo-de-san-juan-de-lurigancho,nota institucional (gob.pe),texto completo,2026-09-25,La Maratón de noviembre de 2025 es la misma Feria del Empleo que informa la municipalidad.
C3-094,San Juan de Lurigancho,150132,metropolitano,Ministerio de Trabajo y Promoción del Empleo (MTPE),gobierno nacional,Jóvenes Productivos: capacitación dual e inserción en empresas textiles de SJL,programa,empleo y empleabilidad,jóvenes,,,juventud,gratuito,,presencial,2025-02-13,2025,2025,Empresas Topitop y Cotton Knit (SJL),participación declarada,jóvenes contratados (resultado declarado),50,'más de 50 jóvenes que recibieron capacitación dual ... iniciaron su vida laboral',jóvenes (distrito de residencia no indicado),,https://www.gob.pe/institucion/mtpe/noticias/1108946-mas-de-50-jovenes-capacitados-por-el-mtpe-empezaron-a-trabajar-en-empresas-textiles | https://www.gob.pe/institucion/mtpe/noticias/1357396-mtpe-capacitara-gratuitamente-a-jovenes-de-san-juan-de-lurigancho-para-que-accedan-a-una-vacante-laboral,nota institucional (gob.pe),texto completo,2026-09-25,"En febrero de 2026, el MTPE también capacitó a jóvenes de SJL con la municipalidad (ver la fila municipal)."
C3-095,San Juan de Lurigancho,150132,distrital,Municipalidad de San Juan de Lurigancho (Subgerencia de Gestión del Riesgo de Desastres),municipalidad distrital,Curso de Brigadistas Junior (y Brigadistas Ecológicos),taller o curso,gestión de riesgos y primeros auxilios; participación y voluntariado; ambiente,estudiantes de 4.º y 5.º de secundaria,,,adolescentes,gratuito,,presencial,2025-02-20,2025,cursos en 2025 y 2026 (el 2.º curso de 2026 cerró en el cuartel Hoyos Rubio),Colegios del distrito; cuartel Fuerte Hoyos Rubio,participación declarada,participantes y egresados,100,2025: 'más de 100 estudiantes de 4to y 5to de secundaria iniciaron su capacitación'; febrero de 2026: 'sesenta jóvenes ... se graduaron'; mayo de 2026: 'cientos de estudiantes' del colegio Francisco Bolognesi juraron; el distrito 'supera los dos mil brigadistas capacitados' (todas las edades),estudiantes de 4.º y 5.º de secundaria,,https://www.gob.pe/institucion/munisanjuandelurigancho/noticias/1113202-mas-de-100-alumnos-de-4to-y-5to-de-secundaria-se-preparan-como-brigadistas-junior-en-sjl | https://www.gob.pe/institucion/munisanjuandelurigancho/noticias/1346016-se-graduan-60-brigadistas-junior-para-fortalecer-la-seguridad-de-san-juan-de-lurigancho | https://www.gob.pe/institucion/munisanjuandelurigancho/noticias/1360670-jovenes-de-sjl-se-graduan-como-brigadistas-junior-tras-demostrar-capacidades-en-el-ejercito | https://www.gob.pe/institucion/munisanjuandelurigancho/noticias/1388663-cientos-de-estudiantes-del-colegio-francisco-bolognesi-juraron-como-brigadistas-junior-y-ecologicos,nota de prensa municipal (gob.pe),texto completo,2026-09-25,
C3-096,San Juan de Lurigancho,150132,distrital,Municipalidad de San Juan de Lurigancho y Universidad Privada del Norte,alianza público-privada,Programa municipal Beca2 (becas integrales en la UPN),beca o premio,educación y preparación preuniversitaria,jóvenes con buen rendimiento y necesidad económica,,,juventud,gratuito,,presencial,2025-03-26,2025,2025,Universidad Privada del Norte,participación declarada,becarios,17,'17 jóvenes del distrito que accedieron a una beca integral',jóvenes,,https://www.gob.pe/institucion/munisanjuandelurigancho/noticias/1133775-17-jovenes-de-sjl-estudiaran-una-carrera-universitaria-gratis-gracias-a-la-gestion-municipal,nota de prensa municipal (gob.pe),texto completo,2026-09-25,
C3-097,San Juan de Lurigancho,150132,distrital,Municipalidad de San Juan de Lurigancho (OMAPED),municipalidad distrital,Talleres de baile y cine inclusivo de la OMAPED,taller o curso,inclusión y discapacidad; arte y cultura,"niños, jóvenes y adultos con discapacidad",,,todo público,no indica,,presencial,2025-09-01,2025,2025,"OMAPED, Calle Mariscal Miller 165",oferta,,,,,,https://www.gob.pe/institucion/munisanjuandelurigancho/noticias/1237908-diversion-y-movimiento-para-todos-en-la-omaped | https://www.gob.pe/institucion/munisanjuandelurigancho/noticias/1303291-municipalidad-lleva-cine-inclusivo-a-jovenes-con-discapacidad-en-sjl,nota de prensa municipal (gob.pe),texto completo,2026-09-25,
C3-098,San Juan de Lurigancho,150132,distrital,Municipalidad de San Juan de Lurigancho,municipalidad distrital,FestiJoven 2025,evento,participación y voluntariado; arte y cultura,organizaciones juveniles del distrito,,,juventud,no indica,,presencial,2025-09-30,2025,un día (mes de la juventud),Play Park de San Juan de Lurigancho,oferta,,,,,,https://www.gob.pe/institucion/munisanjuandelurigancho/noticias/1255171-festijoven-reune-a-las-organizaciones-juveniles-de-san-juan-de-lurigancho-en-el-play-park,nota de prensa municipal (gob.pe),texto completo,2026-09-25,Las organizaciones presentaron proyectos e ideas a las autoridades municipales.
C3-099,San Juan de Lurigancho,150132,distrital,Municipalidad de San Juan de Lurigancho (ULE) y PRONABEC,gobierno nacional,Difusión e inscripción para Beca 18 en colegios (charlas y BKtón),servicio,educación y preparación preuniversitaria,estudiantes de colegios del distrito y sus padres,,,adolescentes,gratuito,,presencial,2025-10-03,2025,septiembre–octubre de 2025,I.E. Nicolás Copérnico y otros colegios,participación declarada,asistentes (sin número exacto),,"'miles de estudiantes de San Juan de Lurigancho, acompañados de sus padres'",escolares,,https://www.gob.pe/institucion/munisanjuandelurigancho/noticias/1253302-impulsamos-el-acceso-a-la-educacion-superior-con-beca-18 | https://www.gob.pe/institucion/munisanjuandelurigancho/noticias/1257326-miles-de-escolares-de-sjl-participaron-en-el-bkton-de-beca-18,nota de prensa municipal (gob.pe),texto completo,2026-09-25,"La nota dice que el evento 'demostró el gran interés de la juventud'; sin cupos ni lista de espera, se registra como participación, no como demanda."
C3-100,San Juan de Lurigancho,150132,distrital,Municipalidad de San Juan de Lurigancho (Subgerencia de Servicios Sociales),municipalidad distrital,Hackathon municipal 'Conecta SJL 2025',concurso o competencia,tecnología; participación y voluntariado; emprendimiento,"mayores de 18 años: estudiantes universitarios, emprendedores, profesionales",18,,juventud,gratuito,,mixta,2025-10-18,2025,18 de octubre al 22 de noviembre de 2025,Virtual y presencial,participación declarada,inscritos,400,"'más de 400 inscripciones'; 'más de 190 participantes conectados' en la inauguración; 'más de 70 equipos' de jóvenes, líderes vecinales, profesionales y emprendedores de distintos distritos",mayores de 18 años de varios distritos,,https://www.gob.pe/institucion/munisanjuandelurigancho/noticias/1247441-san-juan-de-lurigancho-lanza-su-primera-hackathon-municipal-conecta-sjl-2025 | https://www.gob.pe/institucion/munisanjuandelurigancho/noticias/1270445-inauguracion-de-hackathon-municipal-conecta-san-juan-2025,nota de prensa municipal (gob.pe),texto completo,2026-09-25,Premios de más de S/ 3 000 y becas internacionales.
C3-101,San Juan de Lurigancho,150132,distrital,DEVIDA (programa Familias Fuertes),gobierno nacional,Familias Fuertes: taller para prevenir el consumo de drogas en adolescentes,taller o curso,prevención (drogas y violencia),"madres, padres e hijos adolescentes",,,adolescentes,gratuito,,presencial,2025-11-12,2025,2025,I.E. 109 Inca Manco Cápac,participación declarada,familias que culminaron,16,'16 familias culminaron exitosamente el taller',familias,,https://www.gob.pe/institucion/devida/noticias/1287589-familias-fuertes-mas-de-1200-familias-fortalecieron-sus-vinculos-para-prevenir-el-consumo-de-drogas-en-adolescentes,nota institucional (gob.pe),texto completo,2026-09-25,
C3-102,San Juan de Lurigancho,150132,distrital,Municipalidad de San Juan de Lurigancho y MTPE,municipalidad distrital,"Ferias y bolsas de empleo (Feria del Empleo 2025, bolsa de trabajo en Mall Aventura, Gran Registratón Laboral 2026)",feria,empleo y empleabilidad,vecinos del distrito y de Lima Metropolitana,,,todo público,gratuito,,presencial,2025-11-19,2025,noviembre de 2025; febrero y julio de 2026,Av. Los Jardines; Mall Aventura; Teatro Municipal,participación declarada,asistentes (sin número exacto),,"Feria del Empleo: 'congregó a miles de vecinos', 'más de 6 mil puestos', cerca de 100 empresas; Mall Aventura: 'cientos de vecinos'; Registratón: 'más de 2,380 vacantes' de 13 empresas (las vacantes son oferta)",vecinos de todas las edades,,https://www.gob.pe/institucion/munisanjuandelurigancho/noticias/1292332-feria-del-empleo-congrego-a-miles-de-vecinos-en-sjl-con-mas-de-6-mil-puestos-laborales | https://www.gob.pe/institucion/munisanjuandelurigancho/noticias/1357349-municipio-de-sjl-conecta-a-cientos-de-vecinos-con-empleo-formal-en-exitosa-bolsa-de-trabajo | https://www.gob.pe/institucion/munisanjuandelurigancho/noticias/1421141-gran-registraton-laboral-en-sjl-ofrecio-mas-de-2-380-vacantes-de-empleo-formal,nota de prensa municipal (gob.pe),texto completo,2026-09-25,"La prensa informó ferias laborales con Mall Aventura en junio y octubre de 2025 para jóvenes sin experiencia (resumen de buscador, no verificado). En el Registratón se ofrecieron cursos virtuales de Jóvenes Productivos."
C3-103,San Juan de Lurigancho,150132,distrital,"Ministerio de Cultura, Biblioteca Nacional y Municipalidad de San Juan de Lurigancho",gobierno nacional,I Gran Festival Intercultural SJL 2025 (con concurso distrital de danza),evento,arte y cultura,"familias, niñas, niños y jóvenes; agrupaciones juveniles y de danza del distrito",,,todo público,gratuito,,presencial,2025-12-14,2025,un día,"Explanada La Bombonera, Las Terrazas de Canto Grande",participación declarada,asistentes,1000,'más de mil vecinos y vecinas participaron',todas las edades,,https://www.gob.pe/institucion/cultura/noticias/1308811-ministerio-de-cultura-san-juan-de-lurigancho-celebra-su-primer-gran-festival-intercultural-para-promover-el-talento-local | https://www.gob.pe/institucion/cultura/noticias/1313111-mas-de-mil-vecinos-celebraron-la-diversidad-cultural-en-el-primer-gran-festival-intercultural-de-san-juan-de-lurigancho,nota institucional (gob.pe),texto completo,2026-09-25,"Participó el Punto de Cultura Betesda Crew, 'fomentando la participación juvenil'."
C3-104,San Juan de Lurigancho,150132,distrital,Organizaciones culturales de SJL (con apoyo del Ministerio de Cultura y la BNP),sociedad civil,Feria del Libro Lurigancho (FELILU),feria,arte y cultura,"niños, jóvenes y adultos",,,todo público,no indica,,presencial,2026-01-26,2026,anual desde 2019,San Juan de Lurigancho,oferta,,,,,,https://www.gob.pe/institucion/cultura/noticias/1341677-ministro-de-cultura-clausuro-la-feria-del-libro-lurigancho-felilu-2026,nota institucional (gob.pe),texto completo,2026-09-25,Iniciativa autogestionada: una de las pocas ofertas de la sociedad civil encontradas.
C3-105,San Juan de Lurigancho,150132,distrital,Municipalidad de San Juan de Lurigancho y MTPE,municipalidad distrital,Jornada de capacitación laboral para jóvenes,taller o curso,empleo y empleabilidad,jóvenes del distrito,,,juventud,gratuito,,presencial,2026-02-27,2026,una jornada,Local de Programas Sociales de Canto Grande,participación declarada,asistentes (sin número exacto),,'decenas de vecinos asistieron',jóvenes,,https://www.gob.pe/institucion/munisanjuandelurigancho/noticias/1359642-jovenes-de-sjl-se-capacitan-y-fortalecen-su-futuro-laboral-en-jornada-impulsada-por-mtpe-y-municipalidad,nota de prensa municipal (gob.pe),texto completo,2026-09-25,
C3-106,San Juan de Lurigancho,150132,distrital,Municipalidad de San Juan de Lurigancho (OMAPED),municipalidad distrital,Bolsa Laboral Inclusiva para personas con discapacidad,servicio,inclusión y discapacidad; empleo y empleabilidad,personas con discapacidad,,,todo público,gratuito,,presencial,2026-03-09,2026,permanente (desde marzo de 2026),San Juan de Lurigancho,oferta,,,,,,https://www.gob.pe/institucion/munisanjuandelurigancho/noticias/1363235-lanzamos-bolsa-laboral-inclusiva-para-conectar-a-personas-con-discapacidad-con-oportunidades-de-empleo-formal,nota de prensa municipal (gob.pe),texto completo,2026-09-25,
C3-107,San Juan de Lurigancho,150132,distrital,Municipalidad de San Juan de Lurigancho (Biblioteca Municipal Ciro Alegría),municipalidad distrital,'Ruta Lectora' en colegios,programa,arte y cultura; participación y voluntariado,estudiantes de colegios del distrito y municipios escolares,,,adolescentes,gratuito,,presencial,2026-03-27,2026,"itinerante, 2025–2026",Colegios del distrito,participación declarada,participantes,700,"'más de 700 alumnos fueron parte de esta enriquecedora jornada' (colegio Antonio Moreno de Cáceres, 2026)",escolares,,https://www.gob.pe/institucion/munisanjuandelurigancho/noticias/1238543-la-ruta-lectora-llego-a-caja-de-agua | https://www.gob.pe/institucion/munisanjuandelurigancho/noticias/1371890-la-ruta-lectora-de-sjl-llego-al-colegio-antonio-moreno-de-caceres | https://www.gob.pe/institucion/munisanjuandelurigancho/noticias/1382695-ruta-lectora-de-la-biblioteca-municipal-ciro-alegria-llego-a-la-i-e-170-santa-rosa-del-sauce,nota de prensa municipal (gob.pe),texto completo,2026-09-25,
C3-108,San Juan de Lurigancho,150132,distrital,Municipalidad de San Juan de Lurigancho y réplica de CADE Universitario (IPAE),alianza público-privada,Réplica de CADE Universitario (edición preelectoral),evento,participación y voluntariado,jóvenes,,,juventud,gratuito,,presencial,2026-04-10,2026,una jornada,San Juan de Lurigancho,participación declarada,asistentes (sin número exacto),,'cientos de jóvenes fueron parte de este espacio',jóvenes,,https://www.gob.pe/institucion/munisanjuandelurigancho/noticias/1377467-replica-de-cade-universitario-llego-a-san-juan-de-lurigancho-con-edicion-especial-electoral,nota de prensa municipal (gob.pe),texto completo,2026-09-25,
C3-109,San Juan de Lurigancho,150132,distrital,Municipalidad de San Juan de Lurigancho (Subgerencia de Servicios Sociales),municipalidad distrital,Talleres de Arte y Cultura en el polideportivo San Carlos,evento,arte y cultura; recreación,niños y jóvenes; familias,,,todo público,gratuito,,presencial,2026-04-26,2026,una jornada,Polideportivo San Carlos,participación declarada,asistentes,200,'casi 200 personas se dieron cita',todas las edades,,https://www.gob.pe/institucion/munisanjuandelurigancho/noticias/1385131-talleres-de-arte-y-cultura-reunieron-a-casi-200-personas-en-el-polideportivo-san-carlos,nota de prensa municipal (gob.pe),texto completo,2026-09-25,
C3-110,San Juan de Lurigancho,150132,distrital,Municipalidad de San Juan de Lurigancho (Subgerencia de Servicios Sociales),municipalidad distrital,Charla 'Influencia de redes sociales en la alimentación',taller o curso,salud y salud mental,estudiantes de 4.º y 5.º de secundaria,,,adolescentes,gratuito,,presencial,2026-05-12,2026,una charla,I.E. 145 Independencia Americana,oferta,,,,,,https://www.gob.pe/institucion/munisanjuandelurigancho/noticias/1392874-municipalidad-de-sjl-brindo-charla-de-nutricion-y-la-influencia-de-redes-sociales-en-la-alimentacion,nota de prensa municipal (gob.pe),texto completo,2026-09-25,
C3-111,San Juan de Lurigancho,150132,distrital,"Municipalidad de San Juan de Lurigancho, MTPE, sector privado y cooperación (UE y GIZ)",municipalidad distrital,Agencia Local de Empleo y Centro de Emprendimiento Coworking,servicio,empleo y empleabilidad; emprendimiento,"ciudadanía, 'especialmente jóvenes, mujeres y personas en situación de vulnerabilidad'",,,todo público,no indica,,presencial,2026-06-04,2026,permanente (desde junio de 2026),San Juan de Lurigancho,oferta,,,,,,https://www.gob.pe/institucion/munisanjuandelurigancho/noticias/1401895-san-juan-de-lurigancho-pone-en-marcha-agencia-local-de-empleo-y-espacio-de-coworking-para-emprendedores,nota de prensa municipal (gob.pe),texto completo,2026-09-25,
C3-112,San Juan de Lurigancho,150132,distrital,Ministerio de Trabajo y Promoción del Empleo (MTPE),gobierno nacional,Festival 'Por un Perú Sin Trabajo Infantil',evento,prevención (drogas y violencia),estudiantes de primaria y secundaria,,,adolescentes,gratuito,,presencial,2026-06-23,2026,un día,I.E. Tomás Alva Edison,participación declarada,beneficiarios,480,'más de 480 estudiantes de primaria y secundaria',escolares,,https://www.gob.pe/institucion/mtpe/noticias/1410617-mtpe-lleva-el-festival-por-un-peru-sin-trabajo-infantil-a-mas-de-480-escolares-de-san-juan-de-lurigancho,nota institucional (gob.pe),texto completo,2026-09-25,
C3-113,San Juan de Lurigancho,150132,distrital,"Municipalidad de San Juan de Lurigancho, DEMUNA y Movimiento Manuela Ramos",alianza público-privada,Programa 'Caminemos Juntas y Seguras',programa,prevención (drogas y violencia); salud y salud mental; participación y voluntariado,niñas y adolescentes en situación de mayor vulnerabilidad,,,adolescentes,gratuito,,presencial,2026-07-10,2026,2026,"Espacio Seguro Comunitario, Centro de Acopio 'A' de José Carlos Mariátegui",oferta,,,,,,https://www.gob.pe/institucion/munisanjuandelurigancho/noticias/1417421-municipalidad-de-sjl-fortalece-programa-caminemos-juntas-y-seguras,nota de prensa municipal (gob.pe),texto completo,2026-09-25,"Prevención de la violencia de género y del embarazo adolescente, educación sexual integral, liderazgo juvenil."
C3-114,San Juan de Lurigancho; Ate,150132; 150103,metropolitano,SERPAR (Municipalidad de Lima),Municipalidad de Lima / SERPAR,Escuelas deportivas y culturales de los clubes metropolitanos Wiracocha (SJL) y Cahuide (Ate),taller o curso,deporte; arte y cultura,"niños, niñas y adolescentes (algunas disciplinas para todas las edades)",,,adolescentes,pagado,S/ 60 al mes (costo social); natación S/ 115,presencial,2024-01-22,2024,"mensual, todo el año (verano, otoño, agosto, septiembre 2024)",Club Metropolitano Wiracocha (SJL); Club Metropolitano Cahuide (Ate),oferta,inscritos (todas las sedes de Lima),10000,"desde el inicio de los talleres se han inscrito cerca de 10 mil personas (11 clubes de Lima, sin desglose por sede)","todas las edades, toda Lima",,https://www.serpar.gob.pe/noticias/continuan-escuelas-deportivas-y-culturales-de-serpar-en-febrero/ | https://www.serpar.gob.pe/noticias/ninos-ninas-y-adolescentes-disfrutan-de-nueva-escuela-deportiva-de-badminton/ | https://www.serpar.gob.pe/noticias/mas-deporte-y-cultura-en-los-clubes-y-parques-metropolitanos-de-serpar/ | https://www.serpar.gob.pe/noticias/serpar-brinda-talleres-y-escuelas-deportivas-y-culturales-gratuitas-y-a-costos-sociales/ | https://www.serpar.gob.pe/noticias/serpar-ofrece-escuelas-deportivas-y-culturales-gratuitas-y-a-costos-sociales-en-septiembre/,nota institucional (SERPAR),texto completo,2026-09-25,La cifra no es atribuible a Lima Este: por eso la evidencia se codifica como oferta. Bádminton en Cahuide (2024): 'aún quedan cupos'.
C3-115,San Juan de Lurigancho; Ate,150132; 150103,metropolitano,Municipalidad de Lima (SERPAR) y Ministerio de Educación,Municipalidad de Lima / SERPAR,Ingreso gratuito de escolares de colegios públicos a clubes metropolitanos (Wiracocha y Cahuide),servicio,deporte; recreación,escolares y docentes de educación básica pública,,,adolescentes,gratuito,,presencial,2024-04-16,2024,desde 2024 (convenio),Club Wiracocha (SJL) y Club Cahuide (Ate),oferta,,,,,,https://www.serpar.gob.pe/noticias/escolares-de-colegios-estatales-de-lima-norte-este-y-sur-ingresaran-gratis-a-clubes-metropolitanos-para-practicar-deportes/ | https://www.serpar.gob.pe/noticias/municipalidad-de-lima-y-ministerio-de-educacion-firman-convenio-para-promover-actividades-fisicas-en-clubes-metropolitanos/,nota institucional (SERPAR),texto completo,2026-09-25,
C3-116,San Juan de Lurigancho; Ate,150132; 150103,metropolitano,Municipalidad de Lima (SERPAR),Municipalidad de Lima / SERPAR,Academia Municipal preuniversitaria de Lima (aperturas anunciadas en Wiracocha y Cahuide),programa,educación y preparación preuniversitaria,estudiantes de 3.º a 5.º de secundaria y egresados,,,juventud,pagado,"costo social (S/ 200 al mes y S/ 100 de matrícula, según la nota)",presencial,2025-02-12,2025,ciclos desde 2025,Primera sede en el Club Lloque Yupanqui (Los Olivos); Wiracocha y Cahuide solo anunciados,oferta,,,,,,https://www.serpar.gob.pe/noticias/la-municipalidad-metropolitana-de-lima-inaugura-la-primera-academia-municipal/,nota institucional (SERPAR),texto completo,2026-09-25,No se encontró confirmación de que las sedes de Lima Este hayan abierto.
C3-117,San Juan de Lurigancho; Ate,150132; 150103,metropolitano,DEVIDA y SERPAR,gobierno nacional,Actividades informativas de prevención del consumo de drogas en clubes metropolitanos,evento,prevención (drogas y violencia); salud y salud mental,"adolescentes, jóvenes y sus familias",,,juventud,gratuito,,presencial,2025-03-06,2025,2025,Club Wiracocha (SJL) y otros cinco clubes,oferta,,,,,,https://www.serpar.gob.pe/noticias/devida-y-serpar-refuerzan-prevencion-del-consumo-de-drogas-en-lima/,nota institucional (SERPAR),texto completo,2026-09-25,Hay que confirmar si incluyó el Club Cahuide (la nota lista seis clubes).
C3-118,San Juan de Lurigancho; El Agustino,150132; 150111,metropolitano,Municipalidad Metropolitana de Lima,Municipalidad de Lima / SERPAR,Talleres de verano en centros deportivos de la Municipalidad de Lima,taller o curso,deporte,"niños, niñas, adolescentes y jóvenes",,,adolescentes,pagado,'bajo costo' (monto no indicado),presencial,2026-01-05,2026,verano 2026,Centros deportivos municipales en SJL y El Agustino (19 en toda Lima),oferta,población beneficiaria estimada,,'beneficiarán a más de 10 mil vecinos' (previsión para las 19 sedes),vecinos,,https://www.gob.pe/institucion/munilima/noticias/1328004-se-inician-talleres-de-verano-en-19-centros-deportivos-de-la-municipalidad-de-lima,nota institucional (gob.pe),texto completo,2026-09-25,
C3-119,San Juan de Lurigancho; La Molina; Lurigancho-Chosica; Santa Anita,150132; 150114; 150118; 150137,metropolitano,Ministerio de Cultura,gobierno nacional,Grupos de 'Defensores del Patrimonio Cultural' (voluntariado de estudiantes y jóvenes),convocatoria de voluntariado,patrimonio; participación y voluntariado,"estudiantes y docentes de secundaria, universitarios, organizaciones civiles",,,juventud,gratuito,,presencial,2025-11-22,2025,2025–2026,"Grupos Illatúpac (SJL), Defensores de Huaca Melgarejo (La Molina), Viñas de Media Luna (Lurigancho-Chosica), 'Guardianes de tu historia' (Santa Anita)",participación declarada,participantes del encuentro anual (Lima y Callao),450,'alrededor de 450 personas pertenecientes a 44 grupos procedentes de Lima y Callao' (no atribuible a Lima Este),jóvenes y docentes de Lima y Callao,,https://www.gob.pe/institucion/cultura/noticias/1298839-encuentro-de-defensores-del-patrimonio-cultural-reunio-a-450-jovenes-comprometidos-con-la-proteccion-del-legado-cultural-del-pais | https://www.gob.pe/institucion/cultura/noticias/1435069-ministerio-de-cultura-mas-de-un-centenar-de-escolares-de-lima-y-huaral-fortalecieron-su-valoracion-del-patrimonio-cultural,nota institucional (gob.pe),texto completo,2026-09-25,
C3-120,San Juan de Lurigancho; Santa Anita,150132; 150137,metropolitano,Instituto Peruano del Deporte (IPD),gobierno nacional,"Reapertura de complejos deportivos del IPD (Chacarilla de Otero, Mangomarca, piscinas de Canto Grande, Santa Anita)",espacio o infraestructura,deporte,"niñas, niños y adolescentes; público del distrito",,,todo público,no indica,,presencial,2025-02-01,2025,septiembre de 2024 a febrero de 2025,SJL y Santa Anita,oferta,,,,,,https://www.gob.pe/institucion/ipd/noticias/1018141-ipd-anuncia-reapertura-de-los-complejos-deportivos-de-chacarilla-de-otero-y-mangomarca-en-san-juan-de-lurigancho | https://www.gob.pe/institucion/ipd/noticias/1081980-reactivando-vidas-complejos-deportivos-del-ipd-al-servicio-de-la-comunidad | https://www.gob.pe/institucion/ipd/noticias/1092996-ipd-reapertura-complejo-deportivo-de-santa-anita-y-brinda-talleres-gratuitos-en-la-academia-ipd | https://www.gob.pe/institucion/ipd/noticias/1101178-ipd-reactiva-complejo-deportivo-mangomarca-en-san-juan-de-lurigancho-luego-de-mas-de-4-anos | https://www.gob.pe/institucion/ipd/noticias/1114397-ipd-pone-al-servicio-de-la-poblacion-las-modernas-y-espectaculares-piscinas-del-complejo-deportivo-canto-grande,nota institucional (gob.pe),texto completo,2026-09-25,Estaban cerrados desde la pandemia.
C3-121,San Juan de Lurigancho; Santa Anita,150132; 150137,metropolitano,Instituto Peruano del Deporte (IPD),gobierno nacional,"Academia IPD (talleres deportivos gratuitos): sedes Canto Grande, Chacarilla de Otero y Mangomarca (SJL) y Complejo IPD Santa Anita",taller o curso,deporte; inclusión y discapacidad,"niñas, niños y adolescentes de 6 a 17 años",6,17,adolescentes,gratuito,,presencial,2026-01-17,2026,"temporadas de verano e invierno, 2024–2026","Complejos deportivos IPD Canto Grande, Chacarilla de Otero y Mangomarca (SJL); Complejo IPD y Mini Complejo Santa Anita",demanda observada,inscritos,19000,"2026 (Lima Metropolitana): 'ya se agotaron los 19 mil cupos'; 'ante el gran éxito ... abrirá 9,500 nuevas vacantes' en 7 sedes, 2 de ellas en SJL; SJL es 'el distrito con la mayor cantidad de inscritos'. Por sede: Santa Anita 568 inscritos (2024) y 428 (2025); Canto Grande 'más de dos mil alumnos' (2024)","niñas, niños y adolescentes de 6 a 17 años de Lima Metropolitana","cupos agotados (19 mil) y ampliación de 9 500 vacantes por la demanda (enero de 2026). Es demanda por estos talleres deportivos gratuitos para 6 a 17 años, medida en toda Lima Metropolitana, no en cada sede",https://www.gob.pe/institucion/ipd/noticias/890028-academia-ipd-deporte-para-todos-2024-inicia-de-manera-gratuita-el-jueves-11-de-enero-en-lima | https://www.gob.pe/institucion/ipd/noticias/896863-ipd-inauguro-la-academia-ipd-deporte-para-todos-2024-en-santa-anita | https://www.gob.pe/institucion/ipd/noticias/1034522-tarjeta-ipd-beneficiara-a-mas-de-2-mil-alumnos-de-la-academia-ipd | https://www.gob.pe/institucion/ipd/noticias/1092996-ipd-reapertura-complejo-deportivo-de-santa-anita-y-brinda-talleres-gratuitos-en-la-academia-ipd | https://www.gob.pe/institucion/ipd/noticias/1101178-ipd-reactiva-complejo-deportivo-mangomarca-en-san-juan-de-lurigancho-luego-de-mas-de-4-anos | https://www.gob.pe/institucion/ipd/noticias/1331991-atencion-academia-ipd-abrira-mas-de-9-mil-nuevas-vacantes-en-lima-metropolitana | https://www.gob.pe/institucion/ipd/noticias/1333554-todo-un-exito-la-academia-ipd-2026-en-lima-19-mil-vacantes-agotadas-en-primera-y-segunda-etapa-de-inscripciones-virtuales | https://www.gob.pe/institucion/ipd/noticias/1335612-se-inaugura-la-academia-ipd-verano-2026-en-lima-metropolitana-con-mas-de-19-mil-inscritos-en-16-disciplinas-deportivas | https://www.gob.pe/institucion/ipd/noticias/1413770-academia-ipd-con-vacantes-disponibles-en-lima-y-callao-para-ninas-ninos-y-adolescentes-de-6-a-17-anos,nota institucional (gob.pe),texto completo,2026-09-25,"También festivales intersedes (más de 4 mil alumnos en Canto Grande, 2025), campamentos de boxeo y para natación para niños con discapacidad en Canto Grande (2026)."
C3-122,San Juan de Lurigancho; Santa Anita,150132; 150137,metropolitano,Instituto Peruano del Deporte (IPD),gobierno nacional,'Actívate con el IPD' (actividad física recreativa gratuita para familias y escolares),programa,deporte; salud y salud mental,"niños, jóvenes, adultos y adultos mayores; escolares",,,todo público,gratuito,,presencial,2026-01-18,2026,verano 2026 e inicio del año escolar 2026,Complejo IPD de SJL; I.E. 1210 San Marcos (Santa Anita),participación declarada,inscritos / participantes,1000,SJL 'registró más de 1 000 inscritos' en la primera jornada (casi 4 000 en cuatro sedes); en la I.E. San Marcos de Santa Anita 'cerca de 400 estudiantes participaron',todas las edades; escolares,,https://www.gob.pe/institucion/ipd/noticias/1336453-activate-con-el-ipd-programa-gratuito-de-actividades-recreativas-arranco-con-cerca-de-4000-inscritos | https://www.gob.pe/institucion/ipd/noticias/1367115-activate-con-el-ipd-promovio-la-actividad-fisica-a-cerca-de-3-mil-estudiantes-por-inicio-del-ano-escolar,nota institucional (gob.pe),texto completo,2026-09-25,
C3-123,Santa Anita,150137,distrital,Municipalidad de Santa Anita,municipalidad distrital,Academia Preuniversitaria Municipal CEPREMUNI (Santa Anita),programa,educación y preparación preuniversitaria,estudiantes de los últimos años del colegio y postulantes,,,juventud,pagado,"S/ 150 al mes (ciclo de repaso San Marcos, 2024)",presencial,2024-01-08,2024,"ciclos de verano, repaso y Villarreal (2024–2026)","Casa de la Juventud (Av. Avutardas cdra. 7, Coop. Miguel Grau)",participación declarada,alumnos (sin número),,"'aulas completas en sus dos turnos' (enero de 2024), aunque 'aún quedan algunas vacantes para el turno tarde'",jóvenes que postulan a la universidad,,https://www.gob.pe/institucion/munisantanita/noticias/891623-entrega-del-concurso-de-becas-cepremuni | https://www.gob.pe/institucion/munisantanita/noticias/989755-capacitando-a-nuestros-postulantes | https://www.gob.pe/institucion/munisantanita/noticias/995149-los-invitamos-al-ciclo-de-repaso-san-marcos-en-cepremuni | https://www.gob.pe/institucion/munisantanita/noticias/968527-testimonios-de-jovenes-ingresaron-a-universidades,nota de prensa municipal (gob.pe),texto completo,2026-09-25,
C3-124,Santa Anita,150137,distrital,Municipalidad de Santa Anita,municipalidad distrital,Casa de la Juventud,espacio o infraestructura,educación y preparación preuniversitaria; participación y voluntariado,jóvenes del distrito,,,juventud,gratuito,acceso gratuito; algunas actividades pagadas,presencial,2024-01-08,2024,permanente,"Av. Avutardas cdra. 7, Coop. Miguel Grau",oferta,,,,,,https://www.gob.pe/institucion/munisantanita/noticias/891623-entrega-del-concurso-de-becas-cepremuni | https://www.gob.pe/institucion/munisantanita/noticias/910692-gran-feria-vocacional-impacto-juvenil | https://www.gob.pe/institucion/munisantanita/noticias/986531-te-invitamos-a-participar-de-nuestro-primer-concurso-de-matematicas-19-de-julio | https://www.gob.pe/institucion/munisantanita/noticias/1358201-feria-de-orientacion-vocacional-tu-futuro-con-mas-oportunidades,nota de prensa municipal (gob.pe),texto completo,2026-09-25,"Sede de CEPREMUNI, ferias vocacionales, concursos académicos y de becas. También alberga la guardería municipal."
C3-125,Santa Anita,150137,distrital,Municipalidad de Santa Anita,municipalidad distrital,Concursos de becas de CEPREMUNI (Santa Anita),beca o premio,educación y preparación preuniversitaria,estudiantes de los últimos años del colegio y egresados; en 2026 también desde 3.º de primaria (becas para talleres y reforzamiento),,,juventud,gratuito,beca por concurso,presencial,2024-04-04,2024,enero y abril de 2024; abril de 2026,Casa de la Juventud,demanda observada,postulantes a becas,80,"'se entregaron 10 becas a los ganadores, donde compitieron más de 80 jóvenes' (abril de 2024); 'más de 200 estudiantes ... participaron en el primer concurso de becas Cepremuni 2026' (sin número de becas)",jóvenes que postulan a la universidad (2024); escolares y egresados (2026),más de 80 postulantes para 10 becas (abril de 2024). Es demanda por esta beca gratuita específica; no indica interés general por actividades de formación o participación,https://www.gob.pe/institucion/munisantanita/noticias/889374-los-invitamos-a-participar-en-el-concurso-de-becas | https://www.gob.pe/institucion/munisantanita/noticias/890614-resultados-del-concurso-de-becas-para-el-ciclo-repaso-san-marcos | https://www.gob.pe/institucion/munisantanita/noticias/929882-celebramos-el-exito-y-el-talento-de-nuestros-jovenes | https://www.gob.pe/institucion/munisantanita/noticias/1377405-impulsamos-el-talento-de-nuestros-jovenes,nota de prensa municipal (gob.pe),texto completo,2026-09-25,
C3-126,Santa Anita,150137,distrital,Municipalidad de Santa Anita,municipalidad distrital,Programas 'Actívate Joven' y 'Conexión Laboral' (intermediación laboral),programa,empleo y empleabilidad,jóvenes; vecinos de 18 años a más,18,,juventud,gratuito,,presencial,2024-04-05,2024,2024–2026 (convocatorias con empresas como Marathon y PROSEGUR),Explanada del Palacio Municipal; Auditorio Municipal,participación declarada,entrevistados (sin número),,"'se realizaron entrevistas laborales a los jóvenes del distrito con buenos resultados' (julio de 2024, sin número)",jóvenes,,https://www.gob.pe/institucion/munisantanita/noticias/930935-activate-joven | https://www.gob.pe/institucion/munisantanita/noticias/990509-exitosas-entrevistas-laborales-a-nuestros-jovenes | https://www.gob.pe/institucion/munisantanita/noticias/1296405-tu-oportunidad-laboral-te-espera | https://www.gob.pe/institucion/munisantanita/noticias/1358906-oportunidad-laboral-para-nuestros-vecinos,nota de prensa municipal (gob.pe),texto completo,2026-09-25,
C3-127,Santa Anita,150137,distrital,Municipalidad de Santa Anita,municipalidad distrital,Festi Rock 2024 (Día Mundial del Rock),evento,arte y cultura; emprendimiento,'encuentro juvenil'; amigos y familias,,,juventud,gratuito,,presencial,2024-07-13,2024,un día,Parque Botánico Recreativo Manuel de la Torre,oferta,,,,,,https://www.gob.pe/institucion/munisantanita/noticias/987273-no-te-pierdas-el-evento-del-ano-el-festi-rock,nota de prensa municipal (gob.pe),texto completo,2026-09-25,
C3-128,Santa Anita,150137,distrital,Municipalidad de Santa Anita,municipalidad distrital,Primer Concurso de Matemáticas,concurso o competencia,educación y preparación preuniversitaria,alumnos domiciliados o que estudian en Santa Anita,,,adolescentes,gratuito,,presencial,2024-07-19,2024,un día,Casa de la Juventud,oferta,,,,,,https://www.gob.pe/institucion/munisantanita/noticias/986531-te-invitamos-a-participar-de-nuestro-primer-concurso-de-matematicas-19-de-julio,nota de prensa municipal (gob.pe),texto completo,2026-09-25,
C3-129,Santa Anita,150137,distrital,Municipalidad de Santa Anita,municipalidad distrital,"Charlas y visitas educativas para escolares (respeto a adultos mayores, seguridad, patrimonio, ambiente)",servicio,prevención (drogas y violencia); patrimonio; ambiente,adolescentes y estudiantes de 4.º y 5.º de secundaria,,,adolescentes,gratuito,,presencial,2024-09-18,2024,2024–2026,Colegios del distrito; Museo Puruchuco,oferta,,,,,,https://www.gob.pe/institucion/munisantanita/noticias/1024339-charla-de-concientizacion-el-respeto-a-los-adultos-mayores | https://www.gob.pe/institucion/munisantanita/noticias/1292556-charla-de-sensibilizacion-sobre-seguridad-ciudadana | https://www.gob.pe/institucion/munisantanita/noticias/1410386-fomentamos-la-identidad-y-el-valor-por-nuestra-cultura | https://www.gob.pe/institucion/munisantanita/noticias/1410370-formamos-lideres-comprometidos-con-el-medio-ambiente,nota de prensa municipal (gob.pe),texto completo,2026-09-25,
C3-130,Santa Anita,150137,distrital,Municipalidad de Santa Anita,municipalidad distrital,"Campeonatos deportivos juveniles e interescolares (fútbol, vóley, karate, 'Todos por la Promo', Inter Escuelas)",concurso o competencia,deporte,niños y jóvenes; adolescentes de 13 a 17 años; colegios del distrito,,,adolescentes,no indica,,presencial,2024-09-23,2024,2024–2025,Estadio Manuel Correa; estadio Los Chancas de Andahuaylas y otros,oferta,,,,,,https://www.gob.pe/institucion/munisantanita/noticias/911623-trofeos-a-los-campeones-de-karate | https://www.gob.pe/institucion/munisantanita/noticias/989391-clausura-del-campeonato-juvenil-de-futbol-copa-olimpio-alegria-calderon | https://www.gob.pe/institucion/munisantanita/noticias/1016829-copa-juvenil-olimpo-alegria-2024 | https://www.gob.pe/institucion/munisantanita/noticias/1026893-todos-por-la-promo | https://www.gob.pe/institucion/munisantanita/noticias/1027980-creciendo-con-el-futbol-en-santa-anita | https://www.gob.pe/institucion/munisantanita/noticias/1036699-gran-inauguracion-del-campeonato-de-voley | https://www.gob.pe/institucion/munisantanita/noticias/1062177-la-clausura-del-torneo-inter-escuelas-2024 | https://www.gob.pe/institucion/munisantanita/noticias/1292577-campeonato-creciendo-con-el-voley-en-santa-anita,nota de prensa municipal (gob.pe),texto completo,2026-09-25,El campeonato 'Todos por la Promo' premia a las promociones ganadoras con el local del Centro Cultural para su graduación.
C3-131,Santa Anita,150137,distrital,Municipalidad de Santa Anita y TECSUP,alianza público-privada,"Convenio con TECSUP: orientación vocacional, charlas y becas",beca o premio,orientación vocacional; educación y preparación preuniversitaria,jóvenes que destacan en sus estudios,,,juventud,gratuito,,presencial,2024-09-24,2024,desde septiembre de 2024,Santa Anita,oferta,,,,,,https://www.gob.pe/institucion/munisantanita/noticias/1027489-tecsup-y-municipalidad-apuestan-por-los-jovenes,nota de prensa municipal (gob.pe),texto completo,2026-09-25,Anuncio de convenio; no se encontraron notas posteriores sobre su ejecución.
C3-132,Santa Anita,150137,distrital,Municipalidad de Santa Anita,municipalidad distrital,Ferias de jóvenes emprendedores (Wayna Fest 2024 y feria Joven Emprendedor 2025),feria,emprendimiento,jóvenes emprendedores,,,juventud,gratuito,,presencial,2024-09-24,2024,septiembre y diciembre de 2024 (Mes de la Juventud); septiembre de 2025,Plaza de Armas; Mercado Andahuaylas,participación declarada,participantes (sin número),,'muchos jóvenes emprendedores expusieron sus productos'; en el concurso Miss Santa Anita del Wayna Fest 'participaron decenas de jóvenes',jóvenes,,https://www.gob.pe/institucion/munisantanita/noticias/1027487-miss-santa-anita-y-jovenes-emprendedores | https://www.gob.pe/institucion/munisantanita/noticias/1072653-wayna-fest-en-plaza-de-armas | https://www.gob.pe/institucion/munisantanita/noticias/1245910-el-talento-joven-se-transforma-en-grandes-ideas,nota de prensa municipal (gob.pe),texto completo,2026-09-25,
C3-133,Santa Anita,150137,distrital,Municipalidad de Santa Anita,municipalidad distrital,Maratones 5K y bicicleteada por el aniversario del distrito,concurso o competencia,deporte,"todas las edades; categorías escolares, juveniles (13–17) y adultos",,,todo público,gratuito,,presencial,2024-10-13,2024,octubre de 2024 y septiembre–octubre de 2025,Explanada de la Municipalidad; Av. La Cultura,participación declarada,participantes (sin número exacto),,'cientos de participantes en Maratón 5k' (2024),todas las edades,,https://www.gob.pe/institucion/munisantanita/noticias/1039067-cientos-de-participantes-en-maraton-5k | https://www.gob.pe/institucion/munisantanita/noticias/1245914-santa-anita-pedalea-unida | https://www.gob.pe/institucion/munisantanita/noticias/1263479-corre-con-historia-celebra-con-orgullo,nota de prensa municipal (gob.pe),texto completo,2026-09-25,
C3-134,Santa Anita,150137,distrital,Municipalidad de Santa Anita,municipalidad distrital,"Espacios renovados: auditorio municipal, losas y parques deportivos (2024–2026)",espacio o infraestructura,deporte; arte y cultura,'cientos de niños y jóvenes' (auditorio); vecinos,,,todo público,no indica,,presencial,2024-10-16,2024,2024–2026,Auditorio municipal; losa 23 de Septiembre; parque deportivo Monterrey; parque Viña San Francisco,oferta,población beneficiaria estimada,,"'beneficiando a más de 2 000 vecinos' (parque Monterrey; estimación, no uso)",vecinos,,https://www.gob.pe/institucion/munisantanita/noticias/1041007-remodelacion-del-auditorio-municipal | https://www.gob.pe/institucion/munisantanita/noticias/931380-relanzamos-la-losa-deportiva-23-de-septiembre | https://www.gob.pe/institucion/munisantanita/noticias/1418069-mas-de-2-000-vecinos-beneficiados-con-entrega-de-moderno-parque-deportivo-monterrey | https://www.gob.pe/institucion/munisantanita/noticias/1447386-municipalidad-de-santa-anita-entrego-moderno-parque-a-vecinos-de-vina-san-francisco,nota de prensa municipal (gob.pe),texto completo,2026-09-25,
C3-135,Santa Anita,150137,distrital,Municipalidad de Santa Anita,municipalidad distrital,Ferias y bolsas laborales 'Chamba Sí Hay',feria,empleo y empleabilidad,vecinos; 'beneficiará a nuestros jóvenes',,,todo público,gratuito,,presencial,2024-10-18,2024,julio y octubre de 2024,Mercado Andahuaylas y otras sedes,oferta,vacantes,1000,"más de 200 vacantes (julio de 2024), más de 100 (bolsa de octubre) y 'más de 1000 puestos de trabajo' (feria de octubre de 2024); vacantes, no postulantes",vacantes,,https://www.gob.pe/institucion/munisantanita/noticias/990075-los-invitamos-a-participar-de-nuestra-feria-laboral | https://www.gob.pe/institucion/munisantanita/noticias/1026903-chamba-si-hay-bolsa-laboral | https://www.gob.pe/institucion/munisantanita/noticias/1042152-chamba-si-hay-1000-puestos-de-trabajo,nota de prensa municipal (gob.pe),texto completo,2026-09-25,
C3-136,Santa Anita,150137,distrital,Municipalidad de Santa Anita,municipalidad distrital,Cultura urbana: Cultura Urbana Fest 2024 y exhibición de breaking,evento,arte y cultura,jóvenes artistas; público general,,,juventud,no indica,,presencial,2024-10-21,2024,junio y octubre de 2024,Parque Ecológico,oferta,,,,,,https://www.gob.pe/institucion/munisantanita/noticias/969844-participaron-de-la-exhibicion-de-breaking-en-el-parque-ecologico | https://www.gob.pe/institucion/munisantanita/noticias/1043078-cultura-urbana-fest-celebrando-35-anos-de-santa-anita,nota de prensa municipal (gob.pe),texto completo,2026-09-25,
C3-137,Santa Anita,150137,distrital,Municipalidad de Santa Anita,municipalidad distrital,Talleres de Verano 2025,taller o curso,deporte; arte y cultura; tecnología,niños y adolescentes de 3 a 18 años,3,18,adolescentes,pagado,S/ 140 por taller; S/ 240 natación,presencial,2025-01-10,2025,dos meses (verano 2025),Municipalidad de Santa Anita (Av. Eucaliptos s/n) y otras sedes,participación declarada,inscritos,5000,"más de 5,000 inscritos",niños y adolescentes de 3 a 18 años,,https://larazon.pe/santa-anita-mas-de-5000-jovenes-y-ninos-participan-en-talleres-de-verano-2025/,prensa,texto completo,2026-09-25,"Vóley, fútbol, natación, ballet, marinera, robótica, impro-clown, K-pop, bachata, danza hindú, caporales, guitarra, teatro, mini chef, canto."
C3-138,Santa Anita,150137,distrital,Municipalidad de Santa Anita,municipalidad distrital,Gran Jornada Comunitaria (voluntariado juvenil: talleres educativos y muralismo),convocatoria de voluntariado,participación y voluntariado; arte y cultura,jóvenes voluntarios,,,juventud,gratuito,,presencial,2025-09-14,2025,14 y 21 de septiembre de 2025,Losa deportiva de Las Malvinas,oferta,,,,,,https://www.gob.pe/institucion/munisantanita/noticias/1245912-sumate-a-la-transformacion-de-tu-comunidad,nota de prensa municipal (gob.pe),texto completo,2026-09-25,
C3-139,Santa Anita,150137,distrital,Municipalidad de Santa Anita,municipalidad distrital,Exposición 'Sintonía y Fauna' con visitas guiadas,evento,arte y cultura; ambiente,"estudiantes de primaria, secundaria y público general",,,todo público,no indica,,presencial,2025-09-15,2025,15 al 19 de septiembre de 2025,Sala de Exposiciones del Centro Cultural,oferta,,,,,,https://www.gob.pe/institucion/munisantanita/noticias/1245905-una-experiencia-artistica-que-conecta-con-la-naturaleza,nota de prensa municipal (gob.pe),texto completo,2026-09-25,
C3-140,Santa Anita,150137,distrital,Municipalidad de Santa Anita,municipalidad distrital,Talleres culturales y deportivos municipales (clausura 2024; costo social 2025; verano 2026),taller o curso,deporte; arte y cultura,"niñas, niños y jóvenes (2025); niños, adolescentes, jóvenes y adultos (verano 2026)",,,adolescentes,pagado,S/ 70 al mes (septiembre de 2025),presencial,2025-09-15,2025,"ciclos regulares y de verano, 2024–2026",Centro Cultural de Santa Anita y otras sedes,participación declarada,participantes (sin número),,'decenas de alumnos demostraron ... lo aprendido' (clausura de agosto de 2024),niños y jóvenes,,https://www.gob.pe/institucion/munisantanita/noticias/913506-vacaciones-utiles-2024 | https://www.gob.pe/institucion/munisantanita/noticias/1000629-clausura-de-talleres-culturales-y-deportivos | https://www.gob.pe/institucion/munisantanita/noticias/1245909-llego-el-momento-de-activar-el-talento-en-santa-anita | https://www.gob.pe/institucion/munisantanita/noticias/1328571-este-verano-es-para-aprender-crear-y-divertirse | https://www.gob.pe/institucion/munisantanita/noticias/1343996-inician-los-talleres-culturales-y-deportivos-verano-2026 | https://www.gob.pe/institucion/munisantanita/noticias/1358907-clausura-de-los-talleres-deportivos-ciclo-verano-2026 | https://www.gob.pe/institucion/munisantanita/noticias/1385424-talento-deportivo-en-accion,nota de prensa municipal (gob.pe),texto completo,2026-09-25,"Ballet, marinera, oratoria, dibujo y pintura, baile moderno, guitarra, fotografía, artes marciales, ajedrez, fútbol, natación. El verano 2025 está en otra fila (fuente de prensa)."
C3-141,Santa Anita,150137,distrital,Municipalidad de Santa Anita,municipalidad distrital,Ferias de orientación vocacional y laboral ('Impacto Juvenil' 2024; 'Tu futuro con más oportunidades' 2025 y 2026) y charlas de admisión,feria,orientación vocacional; empleo y empleabilidad; educación y preparación preuniversitaria,jóvenes de 15 años a más; quienes terminan el colegio o buscan trabajo,15,,juventud,gratuito,,presencial,2025-09-18,2025,"febrero de 2024, septiembre de 2025, febrero de 2026",Casa de la Juventud; Plaza de Armas,oferta,instituciones expositoras,12,"12 entidades educativas (2024; oferta, no asistentes)",instituciones,,https://www.gob.pe/institucion/munisantanita/noticias/910692-gran-feria-vocacional-impacto-juvenil | https://www.gob.pe/institucion/munisantanita/noticias/1245904-el-futuro-se-construye-con-oportunidades | https://www.gob.pe/institucion/munisantanita/noticias/1245911-descubre-tu-vocacion-y-preparate-para-el-mundo-laboral | https://www.gob.pe/institucion/munisantanita/noticias/1358201-feria-de-orientacion-vocacional-tu-futuro-con-mas-oportunidades | https://www.gob.pe/institucion/munisantanita/noticias/1347217-municipalidad-de-santa-anita-impulsa-orientacion-academica-para-jovenes-del-distrito,nota de prensa municipal (gob.pe),texto completo,2026-09-25,
C3-142,Santa Anita,150137,distrital,Municipalidad de Santa Anita,municipalidad distrital,Festival Ciudades Vivas: concurso 'Danzando por mi Barrio' (danzas urbanas y tradicionales),concurso o competencia,arte y cultura,familias y amigos; 'cultura y juventud',,,todo público,no indica,,presencial,2025-09-20,2025,un día,Plaza de Armas,oferta,,,,,,https://www.gob.pe/institucion/munisantanita/noticias/1245908-santa-anita-vibra-con-cultura-y-juventud,nota de prensa municipal (gob.pe),texto completo,2026-09-25,
C3-143,Santa Anita,150137,distrital,Municipalidad de Santa Anita,municipalidad distrital,Clases gratuitas de boxeo,taller o curso,deporte,niños y adolescentes de 8 a 16 años,8,16,adolescentes,gratuito,,presencial,2025-10-11,2025,sábados de octubre de 2025,Campo de grass sintético UPISS Huáscar,oferta,,,,,,https://www.gob.pe/institucion/munisantanita/noticias/1262237-aprende-boxeo-con-nosotros,nota de prensa municipal (gob.pe),texto completo,2026-09-25,
C3-144,Santa Anita,150137,distrital,Municipalidad de Santa Anita,municipalidad distrital,Torneo Municipal de Debate Escolar (2024 y III edición 2025),concurso o competencia,participación y voluntariado; educación y preparación preuniversitaria,jóvenes de colegios estatales y particulares,,,adolescentes,gratuito,,presencial,2025-10-14,2025,diciembre de 2024; octubre de 2025,Santa Anita,oferta,,,,,,https://www.gob.pe/institucion/munisantanita/noticias/1051884-debate-interescolar | https://www.gob.pe/institucion/munisantanita/noticias/1264487-el-talento-juvenil-se-hizo-escuchar,nota de prensa municipal (gob.pe),texto completo,2026-09-25,
C3-145,Santa Anita,150137,metropolitano,Ministerio de Trabajo y Promoción del Empleo (MTPE),gobierno nacional,Nuevo Centro de Empleo del MTPE en Santa Anita (en construcción),espacio o infraestructura,empleo y empleabilidad,"'jóvenes de Lima Este, de Santa Anita, Ate, Huaycán, San Juan de Lurigancho'",,,juventud,gratuito,,presencial,2025-10-28,2025,obra en 2025; culminación prevista en 2026,"Calle Los Jilgueros, Santa Anita",oferta,población beneficiaria estimada,,'podrá atender a más de 80 mil personas' (estimación),personas,,https://www.gob.pe/institucion/mtpe/noticias/1023621-mtpe-mas-de-620-millones-de-soles-para-generar-empleo-temporal-y-capacitar-al-capital-humano | https://www.gob.pe/institucion/mtpe/noticias/1275653-mtpe-superviso-el-avance-de-obras-del-nuevo-centro-de-empleo-de-santa-anita | https://www.gob.pe/institucion/mtpe/noticias/1297602-ministro-oscar-fernandez-gobierno-invertira-s-905-millones-en-empleo-empleabilidad-y-derechos-laborales-en-2026,nota institucional (gob.pe),texto completo,2026-09-25,
C3-146,Santa Anita,150137,distrital,"Municipalidad de Santa Anita, CFE Focus e Instituto Peruano de Negocios",alianza público-privada,Cursos virtuales gratuitos de empleabilidad,taller o curso,empleo y empleabilidad; tecnología,vecinos y vecinas,,,todo público,gratuito,,virtual,2025-11-10,2025,noviembre de 2024; noviembre y diciembre de 2025,Clases en vivo por Zoom,oferta,,,,,,https://www.gob.pe/institucion/munisantanita/noticias/1066761-cursos-gratuitos-activate-proyectate-y-aprende-con-la-muni | https://www.gob.pe/institucion/munisantanita/noticias/1286475-impulsa-tu-futuro-con-nuestros-cursos-virtuales-gratuitos-de-empleabilidad | https://www.gob.pe/institucion/munisantanita/noticias/1310776-cursos-virtuales-gratuitos-de-empleabilidad-para-nuestros-vecinos-y-vecinas,nota de prensa municipal (gob.pe),texto completo,2026-09-25,"Administración, contabilidad, logística, reclutamiento, aduanas, ofimática, diseño gráfico."
C3-147,Santa Anita,150137,metropolitano,Municipalidad de Lima (Escuela Metropolitana de Ciclismo Urbano),Municipalidad de Lima / SERPAR,Clases gratuitas de ciclismo urbano y seguridad vial,taller o curso,deporte,vecinos de todas las edades; toda la familia,,,todo público,gratuito,,presencial,2026-01-22,2026,verano 2026 (semanal),Parque Los Ficus (Santa Anita),oferta,,,,,,https://www.gob.pe/institucion/munilima/noticias/1339030-municipalidad-de-lima-fomenta-movilidad-sostenible-y-cultura-vial-en-san-martin-de-porres,nota institucional (gob.pe),texto completo,2026-09-25,Se incluye por ser un curso abierto; la nota no menciona a los jóvenes.
C3-148,Santa Anita,150137,distrital,Municipalidad de Santa Anita,municipalidad distrital,Pisco Sour Fest 2026 (festival-concurso),evento,arte y cultura; emprendimiento,"'jóvenes, familias y vecinos en general'",,,todo público,no indica,,presencial,2026-02-07,2026,7 y 8 de febrero de 2026,Parque Ecológico Alto Los Ficus,oferta,,,,,,https://www.gob.pe/institucion/munisantanita/noticias/1343992-pisco-sour-fest-2026-sabor-tradicion-y-orgullo-nacional,nota de prensa municipal (gob.pe),texto completo,2026-09-25,
C3-149,Santa Anita,150137,distrital,Municipalidad de Santa Anita,municipalidad distrital,Taller de chocolatería para adolescentes,taller o curso,emprendimiento,adolescentes de 12 a 18 años,12,18,adolescentes,pagado,S/ 70 (un mes),presencial,2026-02-09,2026,un mes,Casa de la Mujer,oferta,,,,,,https://www.gob.pe/institucion/munisantanita/noticias/1343988-aprender-hoy-para-emprender-manana,nota de prensa municipal (gob.pe),texto completo,2026-09-25,
C3-150,Santa Anita,150137,distrital,Municipalidad de Santa Anita,municipalidad distrital,OMAPED: ExpoFeria Productiva y Laboral Inclusiva 2026,feria,inclusión y discapacidad; emprendimiento; empleo y empleabilidad,personas con discapacidad (usuarios de la OMAPED),,,todo público,gratuito,,presencial,2026-07-10,2026,un día,Explanada del Palacio Municipal,oferta,,,,,,https://www.gob.pe/institucion/munisantanita/noticias/1417176-municipalidad-impulsa-empleo-y-emprendimiento-en-feria-inclusiva-de-santa-anita,nota de prensa municipal (gob.pe),texto completo,2026-09-25,
C3-151,Santa Anita,150137,distrital,Ministerio Público (con la municipalidad),gobierno nacional,Pasacalle y Feria de Justicia Juvenil Restaurativa (Día Internacional de la Juventud),evento,prevención (drogas y violencia),adolescentes; instituciones educativas,,,adolescentes,gratuito,,presencial,2026-08-12,2026,un día,Explanada del Palacio Municipal,oferta,,,,,,https://www.gob.pe/institucion/munisantanita/noticias/1430278-santa-anita-integracion-y-liderazgo-en-el-dia-internacional-de-la-juventud,nota de prensa municipal (gob.pe),texto completo,2026-09-25,
